編號,地震時間,經度,緯度,深度,規模,震央位置
小區域,2018/12/17 上午 10:24:00,121.88,23.74,35.4,4.1,花蓮縣政府東南方  38.6  公里 (位於臺灣東部海域)
137   ,2018/12/16 上午 05:21:00,121.9,23.74,30.3,5.6,花蓮縣政府東南方  40.0  公里 (位於臺灣東部海域)
小區域,2018/12/15 上午 10:33:00,121.84,24.49,22.6,3.3,宜蘭縣政府南偏東方  28.4  公里 (位於宜蘭縣蘇澳鎮)
小區域,2018/12/14 上午 06:48:00,120.62,23.39,12.6,3,嘉義縣政府東偏南方  34.1  公里 (位於嘉義縣番路鄉)
136   ,2018/12/14 上午 04:56:00,121.53,24.06,17.7,3.5,花蓮縣政府西北方  12.4  公里 (位於花蓮縣秀林鄉)
135   ,2018/12/12 下午 09:24:00,121.53,23.91,12,4.9,花蓮縣政府西南方  13.3  公里 (位於花蓮縣壽豐鄉)
小區域,2018/12/12 下午 07:37:00,120.68,23.09,6.9,3.7,高雄市政府東北方  64.2  公里 (位於高雄市六龜區)
小區域,2018/12/11 下午 07:08:00,121.02,24.73,8.4,2.3,新竹縣政府南方  10.6  公里 (位於新竹縣寶山鄉)
134   ,2018/12/10 下午 06:58:00,121.33,23.06,18.2,4.4,臺東縣政府北偏東方  38.1  公里 (位於臺東縣成功鎮)
133   ,2018/12/9 下午 11:15:00,121.53,24.05,19.2,5.1,花蓮縣政府西偏北方  11.7  公里 (位於花蓮縣秀林鄉)
小區域,2018/12/9 下午 10:06:00,120.2,22.94,12.5,3,臺南市政府南偏東方  6.3  公里 (位於臺南市仁德區)
132   ,2018/12/9 上午 12:07:00,120.72,23.62,14.6,4.1,雲林縣政府東偏南方  21.2  公里 (位於雲林縣古坑鄉)
小區域,2018/12/8 下午 12:39:00,119.82,23.29,16.5,3.6,澎湖縣政府東南方  40.5  公里 (位於臺灣西部海域)
小區域,2018/12/8 上午 07:46:00,119.83,23.29,14.7,3.7,澎湖縣政府東南方  40.9  公里 (位於臺灣西部海域)
小區域,2018/12/4 下午 12:17:00,120.29,23.43,11,3.3,嘉義縣政府南偏西方  3.3  公里 (位於嘉義縣鹿草鄉)
小區域,2018/12/1 上午 09:15:00,121.78,24.41,5.8,2.9,宜蘭縣政府南方  35.9  公里 (位於宜蘭縣南澳鄉)
小區域,2018/11/28 上午 01:27:00,120.69,22.72,33.7,3.9,屏東縣政府東方  20.8  公里 (位於屏東縣三地門鄉)
小區域,2018/11/27 下午 07:25:00,121.83,24.7,83.6,4,宜蘭縣政府東偏南方  8.1  公里 (位於宜蘭縣近海)
小區域,2018/11/27 下午 06:29:00,118.62,23.37,13.7,4.9,澎湖縣政府西偏南方  98.8  公里 (位於臺灣西部海域)
小區域,2018/11/26 下午 09:24:00,118.61,23.38,4.9,4.6,澎湖縣政府西偏南方  100.3  公里 (位於臺灣西部海域)
小區域,2018/11/26 下午 08:50:00,118.6,23.36,27.4,4.9,澎湖縣政府西偏南方  101.2  公里 (位於臺灣西部海域)
小區域,2018/11/26 上午 08:15:00,118.57,23.34,13.6,4.7,澎湖縣政府西偏南方  104.6  公里 (位於臺灣西部海域)
131   ,2018/11/26 上午 07:57:00,118.52,23.38,12.3,6.2,澎湖縣政府西方  108.4  公里 (位於臺灣西部海域)
小區域,2018/11/25 下午 05:20:00,120.79,22.35,7.6,3.6,臺東縣政府西南方  58.5  公里 (位於臺東縣達仁鄉)
小區域,2018/11/24 上午 12:27:00,121.02,22.25,11.1,3.5,臺東縣政府南偏西方  57.3  公里 (位於臺灣東南部海域)
小區域,2018/11/23 下午 09:57:00,121.69,24.12,38.5,3.6,花蓮縣政府北偏東方  15.7  公里 (位於花蓮縣近海)
小區域,2018/11/22 下午 02:34:00,121.11,24.62,7,3,新竹縣政府南偏東方  25.1  公里 (位於新竹縣五峰鄉)
130   ,2018/11/21 上午 09:32:00,121.91,24.42,38.1,4.2,宜蘭縣政府南偏東方  37.6  公里 (位於臺灣東部海域)
129   ,2018/11/20 上午 12:31:00,121.92,24.41,39.2,4.7,宜蘭縣政府南偏東方  38.9  公里 (位於臺灣東部海域)
128   ,2018/11/19 下午 10:40:00,121.94,24.35,25.6,4.5,宜蘭縣政府南偏東方  45.8  公里 (位於臺灣東部海域)
小區域,2018/11/19 下午 02:19:00,122.47,23.95,27.2,5,花蓮縣政府東方  86.4  公里 (位於臺灣東部海域)
小區域,2018/11/18 下午 07:29:00,120.5,23.19,12.6,3.9,臺南市政府東偏北方  39.1  公里 (位於臺南市楠西區)
小區域,2018/11/17 上午 09:45:00,120.83,22.27,7.3,3.4,臺東縣政府南偏西方  63.6  公里 (位於臺東縣達仁鄉)
小區域,2018/11/16 上午 10:01:00,121.81,24.79,82.3,4.4,宜蘭縣政府東北方  8.2  公里 (位於宜蘭縣壯圍鄉)
小區域,2018/11/16 上午 08:34:00,122.69,24.31,69.1,4.9,宜蘭縣政府東偏南方  104.5  公里 (位於臺灣東部海域)
小區域,2018/11/15 下午 12:59:00,120.21,23.36,7.7,3.1,嘉義縣政府西南方  14.4  公里 (位於嘉義縣義竹鄉)
小區域,2018/11/12 上午 04:13:00,120.54,23.64,10,2.8,雲林縣政府南偏東方  6.6  公里 (位於雲林縣古坑鄉)
127   ,2018/11/10 上午 09:51:00,120.22,23.36,7.2,4.4,嘉義縣政府西南方  13.7  公里 (位於嘉義縣義竹鄉)
小區域,2018/11/9 下午 02:59:00,121.93,24.76,87.2,3.9,宜蘭縣政府東方  17.4  公里 (位於臺灣東部海域)
小區域,2018/11/9 上午 05:28:00,122.69,24,32.4,4.5,花蓮縣政府東方  108.9  公里 (位於臺灣東部海域)
小區域,2018/11/8 下午 02:05:00,121.25,24.77,12.1,2.9,新竹縣政府東偏南方  24.8  公里 (位於新竹縣關西鎮)
小區域,2018/11/8 上午 05:05:00,122.57,22.78,49.2,5.3,臺東縣政府東方  145.8  公里 (位於臺灣東南部海域)
小區域,2018/11/6 下午 10:52:00,121.78,24.39,9.5,3.7,宜蘭縣政府南方  37.9  公里 (位於宜蘭縣南澳鄉)
小區域,2018/11/5 上午 08:40:00,121.78,24.16,10.2,3.8,花蓮縣政府東北方  24.8  公里 (位於臺灣東部海域)
小區域,2018/11/3 下午 10:10:00,121.82,24.45,18.1,3.1,宜蘭縣政府南方  32.0  公里 (位於宜蘭縣近海)
小區域,2018/11/3 下午 07:19:00,121.52,24.08,21,3.7,花蓮縣政府西北方  13.8  公里 (位於花蓮縣秀林鄉)
小區域,2018/11/3 上午 03:23:00,121.73,24.58,64.4,3.7,宜蘭縣政府南偏西方  16.7  公里 (位於宜蘭縣大同鄉)
小區域,2018/11/2 上午 04:07:00,121.89,24.44,22.4,3.8,宜蘭縣政府南偏東方  35.1  公里 (位於宜蘭縣近海)
小區域,2018/11/2 上午 01:32:00,121.64,23.57,47.1,4,花蓮縣政府南方  46.6  公里 (位於臺灣東部海域)
126   ,2018/10/31 上午 08:11:00,121.4,23.75,22.2,4.2,花蓮縣政府西南方  34.7  公里 (位於花蓮縣萬榮鄉)
小區域,2018/10/31 上午 05:44:00,121.01,23.99,16.5,3.3,南投縣政府東偏北方  33.7  公里 (位於南投縣埔里鎮)
小區域,2018/10/28 下午 04:08:00,121.7,24.01,22.2,3.1,花蓮縣政府東偏北方  8.1  公里 (位於花蓮縣近海)
小區域,2018/10/26 下午 07:33:00,122,23.5,30.4,4.3,花蓮縣政府東南方  67.4  公里 (位於臺灣東部海域)
小區域,2018/10/25 上午 03:34:00,120.38,23.2,12.2,3,臺南市政府東北方  30.5  公里 (位於臺南市官田區)
125   ,2018/10/24 上午 12:04:00,122.63,23.99,30.1,5.9,花蓮縣政府東方  102.8  公里 (位於臺灣東部海域)
124   ,2018/10/23 下午 12:34:00,122.62,24,31.2,6.1,花蓮縣政府東方  102.2  公里 (位於臺灣東部海域)
小區域,2018/10/21 上午 07:10:00,121.41,24.08,63,4.3,花蓮縣政府西偏北方  23.6  公里 (位於花蓮縣秀林鄉)
小區域,2018/10/18 下午 06:11:00,121.66,24.07,8.4,3.1,花蓮縣政府北偏東方  9.5  公里 (位於花蓮縣近海)
小區域,2018/10/16 下午 11:32:00,121.39,24.68,28.7,3.3,桃園市政府南偏東方  35.7  公里 (位於桃園市復興區)
小區域,2018/10/10 下午 09:51:00,120.7,23.09,6.5,3.8,高雄市政府東北方  65.6  公里 (位於高雄市桃源區)
123   ,2018/10/10 下午 05:43:00,122.04,24.91,14.5,4.5,宜蘭縣政府東偏北方  34.2  公里 (位於臺灣東部海域)
122   ,2018/10/9 下午 04:12:00,121.38,22.92,24.8,4.6,臺東縣政府東北方  29.1  公里 (位於臺灣東南部海域)
小區域,2018/10/7 下午 06:20:00,121.29,22.84,18.7,3.6,臺東縣政府東偏北方  17.1  公里 (位於臺灣東南部海域)
小區域,2018/10/7 下午 01:41:00,121.01,24.72,6.5,3.6,新竹縣政府南方  11.9  公里 (位於新竹縣寶山鄉)
小區域,2018/10/5 上午 10:27:00,121.36,23.11,20.3,3.7,臺東縣政府北偏東方  44.6  公里 (位於臺東縣成功鎮)
小區域,2018/10/4 下午 02:17:00,120.47,22.12,36.5,4.6,高雄市政府南偏東方  57.9  公里 (位於臺灣西南部海域)
小區域,2018/10/3 下午 05:30:00,120.49,23.44,11.7,3.8,嘉義縣政府東方  20.0  公里 (位於嘉義縣中埔鄉)
小區域,2018/10/1 下午 02:12:00,121.31,23.07,33.6,3.4,臺東縣政府北偏東方  38.7  公里 (位於臺東縣東河鄉)
小區域,2018/10/1 下午 02:03:00,121.09,22.8,6.5,3.4,臺東縣政府西北方  8.1  公里 (位於臺東縣卑南鄉)
小區域,2018/10/1 下午 01:50:00,121.09,22.81,6.9,3.8,臺東縣政府西北方  8.3  公里 (位於臺東縣卑南鄉)
小區域,2018/9/30 下午 04:27:00,121.61,23.62,31.1,4.1,花蓮縣政府南方  41.0  公里 (位於花蓮縣近海)
小區域,2018/9/29 下午 07:52:00,121.85,24.42,17.1,3.6,宜蘭縣政府南偏東方  35.7  公里 (位於宜蘭縣近海)
小區域,2018/9/29 下午 03:08:00,120.99,24.72,7.7,1.8,新竹縣政府南方  11.8  公里 (位於新竹縣寶山鄉)
小區域,2018/9/25 下午 08:27:00,121.48,23.94,20.4,2.9,花蓮縣政府西偏南方  15.4  公里 (位於花蓮縣秀林鄉)
小區域,2018/9/23 下午 05:09:00,120.7,23.18,10.3,3.8,高雄市政府東北方  73.6  公里 (位於高雄市那瑪夏區)
小區域,2018/9/21 下午 03:37:00,121.73,24.43,8.4,3.4,宜蘭縣政府南方  33.8  公里 (位於宜蘭縣南澳鄉)
小區域,2018/9/19 下午 10:01:00,121.61,23.93,43.6,3.6,花蓮縣政府南偏西方  6.4  公里 (位於花蓮縣近海)
121   ,2018/9/18 上午 04:08:00,121.01,24.02,18.4,4.4,南投縣政府東偏北方  35.4  公里 (位於南投縣埔里鎮)
小區域,2018/9/17 上午 01:17:00,121.39,24.83,10.6,3.2,桃園市政府南偏東方  20.5  公里 (位於桃園市復興區)
小區域,2018/9/16 上午 03:01:00,120.79,24.24,11,3,臺中市政府東北方  15.9  公里 (位於臺中市新社區)
小區域,2018/9/15 上午 01:13:00,120.19,23.02,14.6,2.7,臺南市政府北偏東方  3.6  公里 (位於臺南市北區)
小區域,2018/9/14 下午 12:50:00,121.62,23.62,32,3.6,花蓮縣政府南方  41.6  公里 (位於花蓮縣近海)
小區域,2018/9/14 上午 09:08:00,121.01,24,17.3,3.6,南投縣政府東偏北方  33.7  公里 (位於南投縣埔里鎮)
小區域,2018/9/12 上午 05:20:00,122.26,24.04,44.7,4.6,花蓮縣政府東方  65.2  公里 (位於臺灣東部海域)
小區域,2018/9/12 上午 03:58:00,120.77,22.19,7.9,3,屏東縣政府南偏東方  61.5  公里 (位於屏東縣牡丹鄉)
小區域,2018/9/12 上午 03:42:00,120.77,22.19,7.1,2.9,屏東縣政府南偏東方  61.4  公里 (位於屏東縣牡丹鄉)
120   ,2018/9/11 下午 12:43:00,121.52,23.87,10.3,4.5,花蓮縣政府西南方  16.4  公里 (位於花蓮縣壽豐鄉)
119   ,2018/9/9 下午 09:16:00,121.61,23.93,44.6,4.6,花蓮縣政府南方  6.3  公里 (位於花蓮縣近海)
小區域,2018/9/9 下午 09:11:00,120.2,23.02,13.7,2.9,臺南市政府北偏東方  3.6  公里 (位於臺南市北區)
小區域,2018/9/9 下午 06:33:00,120.99,24,17.5,3.5,南投縣政府東偏北方  32.1  公里 (位於南投縣埔里鎮)
118   ,2018/9/8 下午 02:50:00,121.72,24.31,26.5,4.4,花蓮縣政府北偏東方  36.7  公里 (位於花蓮縣秀林鄉)
小區域,2018/9/7 下午 04:15:00,120.98,24.71,10.4,2,新竹縣政府南偏西方  13.5  公里 (位於新竹縣峨眉鄉)
小區域,2018/9/6 上午 12:20:00,120.75,23.16,5.8,2.9,高雄市政府東北方  74.3  公里 (位於高雄市桃源區)
小區域,2018/9/5 下午 01:55:00,120.91,23.8,18.3,3.4,南投縣政府東偏南方  25.4  公里 (位於南投縣水里鄉)
小區域,2018/9/5 上午 01:53:00,122.05,23.51,32.8,4.3,花蓮縣政府東南方  68.9  公里 (位於臺灣東部海域)
小區域,2018/9/5 上午 01:45:00,121.01,24.67,6.4,2.2,新竹縣政府南方  17.6  公里 (位於新竹縣峨眉鄉)
小區域,2018/9/4 上午 12:37:00,121.99,24.83,89.8,4.3,宜蘭縣政府東偏北方  25.9  公里 (位於臺灣東部海域)
117   ,2018/9/3 下午 01:59:00,121.54,24.09,19.7,4.4,花蓮縣政府西北方  13.9  公里 (位於花蓮縣秀林鄉)
小區域,2018/8/31 上午 04:14:00,122.31,24.72,100.5,4.6,宜蘭縣政府東方  55.6  公里 (位於臺灣東部海域)
小區域,2018/8/30 下午 02:38:00,120.18,23.01,12.4,2.5,臺南市政府北方  1.9  公里 (位於臺南市北區)
小區域,2018/8/30 上午 04:36:00,121.47,23.87,16.5,3.7,花蓮縣政府西南方  20.4  公里 (位於花蓮縣壽豐鄉)
小區域,2018/8/30 上午 03:53:00,122.41,24.82,15.2,4.5,宜蘭縣政府東方  66.0  公里 (位於臺灣東部海域)
小區域,2018/8/29 上午 05:21:00,121.55,23.54,29.1,3.9,花蓮縣政府南方  50.1  公里 (位於花蓮縣近海)
小區域,2018/8/28 下午 01:39:00,120.47,23.12,15.5,3.4,臺南市政府東偏北方  32.2  公里 (位於臺南市玉井區)
小區域,2018/8/26 下午 09:44:00,120.2,23.01,13.3,3.5,臺南市政府東北方  2.3  公里 (位於臺南市北區)
小區域,2018/8/26 下午 09:36:00,120.2,23.01,14.2,2.7,臺南市政府北偏東方  2.9  公里 (位於臺南市北區)
小區域,2018/8/26 下午 09:19:00,120.2,23.01,14.1,3.4,臺南市政府北偏東方  2.1  公里 (位於臺南市北區)
小區域,2018/8/26 下午 04:20:00,120.7,23.11,5.9,3.8,高雄市政府東北方  66.9  公里 (位於高雄市六龜區)
小區域,2018/8/24 上午 06:49:00,120.66,22.65,27,3.8,屏東縣政府東方  18.5  公里 (位於屏東縣泰武鄉)
小區域,2018/8/23 下午 02:22:00,121,23.98,16.2,3.6,南投縣政府東偏北方  32.6  公里 (位於南投縣埔里鎮)
116   ,2018/8/23 上午 04:30:00,121.57,22.88,18.7,4.2,臺東縣政府東偏北方  45.3  公里 (位於臺灣東南部海域)
小區域,2018/8/22 下午 11:59:00,121,23.98,16.3,3.7,南投縣政府東偏北方  32.3  公里 (位於南投縣埔里鎮)
小區域,2018/8/22 下午 12:23:00,122.06,24.9,14.7,3.9,宜蘭縣政府東偏北方  35.3  公里 (位於臺灣東部海域)
小區域,2018/8/20 下午 10:44:00,121,24,16.7,3.4,南投縣政府東偏北方  33.0  公里 (位於南投縣埔里鎮)
小區域,2018/8/20 下午 09:27:00,121,23.99,17,3.9,南投縣政府東偏北方  32.7  公里 (位於南投縣埔里鎮)
小區域,2018/8/19 上午 03:45:00,121.51,23.73,7.6,2.1,花蓮縣政府南偏西方  31.0  公里 (位於花蓮縣鳳林鎮)
小區域,2018/8/18 下午 04:28:00,121.89,24.45,21.9,2.9,宜蘭縣政府南偏東方  33.3  公里 (位於宜蘭縣近海)
小區域,2018/8/18 下午 12:14:00,121.01,24.02,17.8,2.5,南投縣政府東偏北方  35.3  公里 (位於南投縣埔里鎮)
小區域,2018/8/18 上午 10:30:00,121.02,24.02,18.8,3.7,南投縣政府東偏北方  35.6  公里 (位於南投縣埔里鎮)
小區域,2018/8/18 上午 09:23:00,121,24.01,16.8,2.3,南投縣政府東偏北方  33.6  公里 (位於南投縣埔里鎮)
115   ,2018/8/18 上午 09:01:00,121,24.01,17.5,4.2,南投縣政府東偏北方  33.5  公里 (位於南投縣埔里鎮)
小區域,2018/8/18 上午 08:21:00,121.01,24.01,17.1,3.2,南投縣政府東偏北方  34.2  公里 (位於南投縣埔里鎮)
小區域,2018/8/18 上午 08:16:00,121.01,24.01,18.2,3.5,南投縣政府東偏北方  34.5  公里 (位於南投縣埔里鎮)
114   ,2018/8/18 上午 08:15:00,121,24.02,19.1,5.1,南投縣政府東偏北方  34.4  公里 (位於南投縣仁愛鄉)
小區域,2018/8/18 上午 07:40:00,121.03,23.99,15.4,3,南投縣政府東偏北方  36.3  公里 (位於南投縣埔里鎮)
小區域,2018/8/18 上午 07:29:00,121.04,24,17.6,2.3,南投縣政府東偏北方  37.5  公里 (位於南投縣埔里鎮)
小區域,2018/8/18 上午 06:57:00,121.01,23.99,17.2,2.7,南投縣政府東偏北方  33.5  公里 (位於南投縣埔里鎮)
小區域,2018/8/18 上午 06:30:00,121.01,24.01,17.7,2.8,南投縣政府東偏北方  34.7  公里 (位於南投縣埔里鎮)
小區域,2018/8/18 上午 05:28:00,121.01,24,17.9,3.2,南投縣政府東偏北方  34.3  公里 (位於南投縣埔里鎮)
小區域,2018/8/18 上午 04:17:00,121.01,24.01,17.8,2.3,南投縣政府東偏北方  34.1  公里 (位於南投縣埔里鎮)
小區域,2018/8/18 上午 03:24:00,121.45,23.89,18.3,2.9,花蓮縣政府西偏南方  21.0  公里 (位於花蓮縣秀林鄉)
小區域,2018/8/18 上午 12:44:00,120.67,22.66,25.2,2.9,屏東縣政府東方  18.8  公里 (位於屏東縣瑪家鄉)
小區域,2018/8/17 下午 11:44:00,121.01,23.99,16.9,3.1,南投縣政府東偏北方  33.7  公里 (位於南投縣埔里鎮)
小區域,2018/8/17 下午 10:34:00,121.03,23.99,15.4,2.9,南投縣政府東偏北方  36.0  公里 (位於南投縣埔里鎮)
小區域,2018/8/17 下午 10:15:00,121.46,22.08,2.9,2.3,臺東縣政府南偏東方  80.9  公里 (位於臺灣東南部海域)
小區域,2018/8/17 下午 07:30:00,121.01,24,17.9,3.8,南投縣政府東偏北方  34.7  公里 (位於南投縣埔里鎮)
小區域,2018/8/17 下午 06:14:00,121.01,24.02,18.6,4.2,南投縣政府東偏北方  35.0  公里 (位於南投縣埔里鎮)
113   ,2018/8/17 下午 06:09:00,121.01,24.01,18.8,4.9,南投縣政府東偏北方  35.1  公里 (位於南投縣埔里鎮)
小區域,2018/8/17 下午 01:07:00,121.29,22.76,19.1,2.8,臺東縣政府東方  14.4  公里 (位於臺灣東南部海域)
小區域,2018/8/16 上午 02:30:00,121.67,23.92,37.5,3.3,花蓮縣政府南偏東方  9.0  公里 (位於花蓮縣近海)
小區域,2018/8/14 上午 03:27:00,120.97,23.09,3.3,2.8,臺東縣政府北偏西方  41.5  公里 (位於臺東縣海端鄉)
小區域,2018/8/11 上午 10:24:00,121.55,22.31,116.2,4.2,臺東縣政府東南方  64.8  公里 (位於臺灣東南部海域)
小區域,2018/8/11 上午 10:04:00,121.15,23.06,13.8,3.1,臺東縣政府北方  34.1  公里 (位於臺東縣海端鄉)
小區域,2018/8/11 上午 02:53:00,120.02,22.97,19.9,3.4,臺南市政府西方  16.9  公里 (位於臺灣西南部海域)
小區域,2018/8/10 下午 10:27:00,121.12,22.87,15.6,3.1,臺東縣政府北偏西方  12.9  公里 (位於臺東縣卑南鄉)
小區域,2018/8/10 上午 09:35:00,120.21,23.01,13.9,3.1,臺南市政府東偏北方  2.8  公里 (位於臺南市北區)
小區域,2018/8/9 下午 04:01:00,120.18,20.99,86.2,4.9,高雄市政府南方  181.6  公里 (位於臺灣南部海域)
小區域,2018/8/9 上午 03:18:00,120.65,22.62,19.7,3.4,屏東縣政府東偏南方  18.2  公里 (位於屏東縣泰武鄉)
小區域,2018/8/8 上午 09:51:00,121.49,23.96,15.7,2.8,花蓮縣政府西偏南方  14.0  公里 (位於花蓮縣秀林鄉)
小區域,2018/8/6 下午 12:38:00,120.53,22.95,15,3.8,高雄市政府北偏東方  43.2  公里 (位於高雄市杉林區)
小區域,2018/8/6 上午 05:30:00,122.65,24.6,97.4,4.6,宜蘭縣政府東方  90.9  公里 (位於臺灣東部海域)
小區域,2018/8/5 下午 08:53:00,121.38,22.88,39.6,2.8,臺東縣政府東偏北方  27.3  公里 (位於臺灣東南部海域)
小區域,2018/8/5 下午 12:09:00,121,22.17,13.8,3.9,臺東縣政府南偏西方  67.0  公里 (位於臺灣東南部海域)
小區域,2018/8/4 下午 07:53:00,120.03,22.99,20.3,4,臺南市政府西方  16.2  公里 (位於臺灣西南部海域)
小區域,2018/8/4 上午 09:49:00,121.79,24.66,76.4,4.1,宜蘭縣政府南偏東方  8.3  公里 (位於宜蘭縣冬山鄉)
小區域,2018/8/4 上午 05:08:00,121.44,24.34,7.1,2.6,花蓮縣政府北偏西方  43.4  公里 (位於花蓮縣秀林鄉)
小區域,2018/8/4 上午 03:37:00,121.44,24.34,6.6,3.6,花蓮縣政府北偏西方  43.0  公里 (位於花蓮縣秀林鄉)
小區域,2018/8/4 上午 12:26:00,120.03,22.99,17.6,3.7,臺南市政府西方  15.6  公里 (位於臺灣西南部海域)
小區域,2018/8/3 下午 12:51:00,120.03,23.01,19.4,3.2,臺南市政府西方  15.8  公里 (位於臺南市近海)
小區域,2018/8/2 下午 11:06:00,120.69,23.64,12.3,2.8,南投縣政府南方  28.5  公里 (位於南投縣竹山鎮)
小區域,2018/8/2 下午 09:58:00,120.7,23.64,11.9,2.6,南投縣政府南方  29.2  公里 (位於南投縣竹山鎮)
112   ,2018/8/2 下午 09:38:00,120.7,23.64,13.1,4.8,南投縣政府南方  29.3  公里 (位於南投縣竹山鎮)
小區域,2018/8/1 下午 06:29:00,121.45,24.34,6.9,2.6,花蓮縣政府北偏西方  43.0  公里 (位於花蓮縣秀林鄉)
小區域,2018/8/1 上午 02:42:00,122.37,24.31,57.8,3.9,宜蘭縣政府東南方  77.3  公里 (位於臺灣東部海域)
小區域,2018/7/31 下午 02:56:00,121.37,23.19,17.9,3.7,臺東縣政府北偏東方  53.1  公里 (位於臺東縣成功鎮)
小區域,2018/7/29 下午 08:44:00,121.49,23.93,17.9,3.1,花蓮縣政府西偏南方  15.4  公里 (位於花蓮縣秀林鄉)
小區域,2018/7/28 下午 04:18:00,121.34,23.17,15.2,2.6,臺東縣政府北偏東方  50.0  公里 (位於臺東縣成功鎮)
小區域,2018/7/27 上午 11:55:00,121.5,22.01,19,3,臺東縣政府南偏東方  90.0  公里 (位於臺灣東南部海域)
小區域,2018/7/27 上午 05:08:00,122.32,24.95,13.7,3.7,宜蘭縣政府東偏北方  60.8  公里 (位於臺灣東部海域)
小區域,2018/7/27 上午 04:45:00,122.32,24.95,12,3.8,宜蘭縣政府東偏北方  61.3  公里 (位於臺灣東部海域)
小區域,2018/7/27 上午 03:49:00,120.19,23.01,12.6,2.5,臺南市政府北偏東方  2.4  公里 (位於臺南市北區)
小區域,2018/7/26 下午 08:30:00,121.81,24.23,18,2.6,花蓮縣政府東北方  32.7  公里 (位於臺灣東部海域)
111   ,2018/7/25 下午 04:55:00,121.8,24.23,18.1,3.9,花蓮縣政府東北方  32.6  公里 (位於臺灣東部海域)
小區域,2018/7/25 上午 02:58:00,121.84,24.47,10.7,2.6,宜蘭縣政府南偏東方  29.8  公里 (位於宜蘭縣近海)
小區域,2018/7/25 上午 02:39:00,120.45,22.39,30.6,4,屏東縣政府南方  32.3  公里 (位於屏東縣近海)
小區域,2018/7/24 下午 10:09:00,121.84,24.54,8.7,2.4,宜蘭縣政府南偏東方  22.7  公里 (位於宜蘭縣南澳鄉)
小區域,2018/7/23 下午 09:59:00,120.88,22.34,9.8,2.3,臺東縣政府南偏西方  53.3  公里 (位於臺東縣大武鄉)
小區域,2018/7/23 下午 09:58:00,120.88,22.35,8.9,3.1,臺東縣政府西南方  52.6  公里 (位於臺東縣大武鄉)
小區域,2018/7/23 下午 06:04:00,121.69,24.01,36.3,3.9,花蓮縣政府東偏北方  7.1  公里 (位於花蓮縣近海)
小區域,2018/7/23 下午 03:45:00,121.17,22.11,48.6,4.2,臺東縣政府南方  71.7  公里 (位於臺灣東南部海域)
小區域,2018/7/23 下午 12:54:00,121.66,23.71,38.4,3.5,花蓮縣政府南方  31.4  公里 (位於臺灣東部海域)
小區域,2018/7/22 上午 02:35:00,120.63,23.5,8.4,3.1,嘉義市政府東方  17.8  公里 (位於嘉義縣竹崎鄉)
小區域,2018/7/21 上午 07:51:00,121.48,23.94,18.3,3.7,花蓮縣政府西偏南方  15.3  公里 (位於花蓮縣秀林鄉)
小區域,2018/7/20 下午 10:13:00,120.96,24.49,5.3,2.9,苗栗縣政府東偏南方  16.3  公里 (位於苗栗縣泰安鄉)
小區域,2018/7/20 下午 05:50:00,120.34,23.12,15.6,2.8,臺南市政府東北方  21.2  公里 (位於臺南市山上區)
小區域,2018/7/20 上午 09:39:00,121.51,20.78,99.8,5.6,臺東縣政府南方  221.7  公里 (位於臺灣南部海域)
小區域,2018/7/19 上午 10:30:00,122.05,24.64,55.5,4.3,宜蘭縣政府東偏南方  30.3  公里 (位於臺灣東部海域)
小區域,2018/7/18 上午 07:51:00,121.84,24.46,8.4,2.8,宜蘭縣政府南偏東方  31.1  公里 (位於宜蘭縣近海)
110   ,2018/7/17 上午 07:07:00,120.69,23.1,7.6,3.9,嘉義市政府南偏東方  48.3  公里 (位於高雄市六龜區)
小區域,2018/7/17 上午 02:27:00,121.41,23.72,15.1,3.4,花蓮縣政府西南方  37.2  公里 (位於花蓮縣萬榮鄉)
109   ,2018/7/14 下午 07:46:00,121.8,24.56,67.4,4.3,宜蘭縣政府南偏東方  19.3  公里 (位於宜蘭縣南澳鄉)
小區域,2018/7/14 上午 04:42:00,121.17,22.97,9.8,3.8,臺東縣政府北方  24.3  公里 (位於臺東縣鹿野鄉)
小區域,2018/7/14 上午 02:47:00,121.15,22.98,9.2,3.8,臺東縣政府北方  25.3  公里 (位於臺東縣鹿野鄉)
小區域,2018/7/14 上午 02:47:00,121.15,22.99,6.8,3.9,臺東縣政府北方  25.8  公里 (位於臺東縣鹿野鄉)
108   ,2018/7/14 上午 02:38:00,121.17,22.99,8,4.8,臺東縣政府北方  26.5  公里 (位於臺東縣鹿野鄉)
小區域,2018/7/14 上午 02:32:00,121.17,22.99,7.4,3.5,臺東縣政府北方  26.3  公里 (位於臺東縣鹿野鄉)
小區域,2018/7/14 上午 02:28:00,121.17,22.99,9,3.5,臺東縣政府北方  25.6  公里 (位於臺東縣鹿野鄉)
小區域,2018/7/14 上午 12:47:00,120.72,23.59,17.3,4.1,雲林縣政府東偏南方  23.6  公里 (位於雲林縣古坑鄉)
小區域,2018/7/13 下午 08:10:00,121.16,22.98,9.7,3.6,臺東縣政府北方  25.2  公里 (位於臺東縣鹿野鄉)
小區域,2018/7/13 下午 08:10:00,121.16,22.98,8.4,3.3,臺東縣政府北方  25.3  公里 (位於臺東縣鹿野鄉)
小區域,2018/7/13 下午 02:31:00,121.17,22.99,9.1,4,臺東縣政府北方  26.2  公里 (位於臺東縣鹿野鄉)
小區域,2018/7/13 上午 09:56:00,120.2,23,14.4,2.5,臺南市政府東偏北方  1.8  公里 (位於臺南市中西區)
小區域,2018/7/13 上午 09:42:00,121.55,23.86,51,4,花蓮縣政府南偏西方  15.8  公里 (位於花蓮縣壽豐鄉)
小區域,2018/7/13 上午 04:18:00,122.16,24.3,58.4,4.1,宜蘭縣政府東南方  62.8  公里 (位於臺灣東部海域)
小區域,2018/7/13 上午 01:44:00,121.37,22.92,20.9,3.1,臺東縣政府東北方  28.8  公里 (位於臺灣東部海域)
小區域,2018/7/12 下午 10:38:00,120.48,23.44,12.1,2.7,嘉義市政府東南方  5.3  公里 (位於嘉義縣中埔鄉)
小區域,2018/7/12 下午 09:00:00,120.48,23.44,12.2,3.3,嘉義市政府東南方  5.1  公里 (位於嘉義縣中埔鄉)
小區域,2018/7/12 上午 05:05:00,120.21,23.02,13.9,3.1,臺南市政府東北方  4.7  公里 (位於臺南市北區)
107   ,2018/7/11 下午 08:41:00,120.21,23.03,16.8,4.5,臺南市政府東北方  5.2  公里 (位於臺南市安南區)
小區域,2018/7/10 下午 09:58:00,120.99,23.07,3.6,4.1,臺東縣政府北偏西方  38.4  公里 (位於臺東縣海端鄉)
小區域,2018/7/10 上午 04:25:00,120.48,23.44,12.2,2.8,嘉義市政府東南方  5.2  公里 (位於嘉義縣中埔鄉)
106   ,2018/7/7 下午 06:43:00,121.37,24.45,9.3,2.5,宜蘭縣政府西南方  50.7  公里 (位於宜蘭縣大同鄉)
小區域,2018/7/7 下午 02:46:00,121.48,23.86,14.5,2.8,花蓮縣政府西南方  20.2  公里 (位於花蓮縣壽豐鄉)
小區域,2018/7/6 下午 07:06:00,121.11,22.9,15.8,3.4,臺東縣政府北偏西方  16.6  公里 (位於臺東縣鹿野鄉)
小區域,2018/7/5 下午 10:45:00,120.53,23.28,10.8,3.5,嘉義市政府南偏東方  23.9  公里 (位於嘉義縣大埔鄉)
105   ,2018/7/4 下午 03:45:00,120.91,23.13,1.6,4.2,臺東縣政府北偏西方  48.5  公里 (位於臺東縣海端鄉)
小區域,2018/7/4 下午 03:40:00,121.18,23.01,10.3,2.6,臺東縣政府北方  28.1  公里 (位於臺東縣關山鎮)
小區域,2018/7/4 上午 05:51:00,121.19,23.02,9.5,3.1,臺東縣政府北方  29.7  公里 (位於臺東縣關山鎮)
104   ,2018/7/4 上午 04:10:00,121.18,23.01,10,4.4,臺東縣政府北方  28.6  公里 (位於臺東縣關山鎮)
小區域,2018/7/4 上午 04:07:00,121.19,23.02,10.3,3.7,臺東縣政府北方  29.3  公里 (位於臺東縣關山鎮)
小區域,2018/7/3 下午 06:54:00,120.9,23.15,1.4,3.7,臺東縣政府北偏西方  50.6  公里 (位於臺東縣海端鄉)
103   ,2018/7/3 下午 05:20:00,120.9,23.16,1,4.8,臺東縣政府北偏西方  51.7  公里 (位於臺東縣海端鄉)
小區域,2018/7/3 下午 04:32:00,121.13,24.1,9.7,3.6,臺中市政府東方  46.5  公里 (位於南投縣仁愛鄉)
小區域,2018/7/3 下午 02:52:00,121.14,24.1,9.9,3.2,臺中市政府東方  46.6  公里 (位於南投縣仁愛鄉)
小區域,2018/7/3 上午 08:15:00,120.48,23.44,12.7,2.7,嘉義市政府東南方  5.4  公里 (位於嘉義縣中埔鄉)
小區域,2018/7/3 上午 05:45:00,121.47,23.72,7.9,2.3,花蓮縣政府南偏西方  33.4  公里 (位於花蓮縣鳳林鎮)
小區域,2018/7/3 上午 04:45:00,120.48,23.44,11.8,3,嘉義市政府南偏東方  5.4  公里 (位於嘉義縣中埔鄉)
小區域,2018/7/3 上午 04:17:00,121.55,23.51,32.1,3.3,花蓮縣政府南方  53.5  公里 (位於花蓮縣近海)
102   ,2018/7/3 上午 03:36:00,120.48,23.44,12.2,4.1,嘉義市政府東南方  5.4  公里 (位於嘉義縣中埔鄉)
小區域,2018/7/2 下午 05:04:00,120.63,23.33,7.7,3.6,嘉義市政府東南方  24.5  公里 (位於嘉義縣大埔鄉)
101   ,2018/7/2 下午 03:26:00,120.48,23.44,12,4.7,嘉義市政府南偏東方  5.7  公里 (位於嘉義縣中埔鄉)
100   ,2018/7/2 下午 03:26:00,120.48,23.44,12.1,4.5,嘉義市政府南偏東方  5.4  公里 (位於嘉義縣中埔鄉)
小區域,2018/6/30 下午 02:32:00,121.44,23.64,35.5,3.5,花蓮縣政府南偏西方  42.8  公里 (位於花蓮縣光復鄉)
小區域,2018/6/28 下午 02:30:00,121.17,23,10.6,4,臺東縣政府北方  26.7  公里 (位於臺東縣關山鎮)
小區域,2018/6/28 上午 11:23:00,120.19,23,13,2.9,臺南市政府東北方  1.7  公里 (位於臺南市中西區)
小區域,2018/6/28 上午 11:20:00,120.19,23,13.5,2.4,臺南市政府東偏北方  1.2  公里 (位於臺南市中西區)
小區域,2018/6/28 上午 10:34:00,121.17,23.07,12.6,2.8,臺東縣政府北方  35.2  公里 (位於臺東縣關山鎮)
小區域,2018/6/28 上午 12:18:00,121.17,23,11,3.4,臺東縣政府北方  26.6  公里 (位於臺東縣關山鎮)
099   ,2018/6/27 下午 11:26:00,121.17,23,10.4,4.3,臺東縣政府北方  27.8  公里 (位於臺東縣關山鎮)
098   ,2018/6/27 下午 07:15:00,121.44,23.64,13.5,3.8,花蓮縣政府南偏西方  42.6  公里 (位於花蓮縣光復鄉)
小區域,2018/6/27 上午 05:23:00,122.26,24.15,45.7,4.3,花蓮縣政府東偏北方  67.5  公里 (位於臺灣東部海域)
小區域,2018/6/26 下午 11:48:00,121.4,23.75,19.8,2.9,花蓮縣政府西南方  35.1  公里 (位於花蓮縣萬榮鄉)
小區域,2018/6/26 下午 01:00:00,121.55,23.57,31.4,3.5,花蓮縣政府南方  47.6  公里 (位於花蓮縣近海)
小區域,2018/6/26 上午 03:07:00,122.06,24.75,68.2,4.1,宜蘭縣政府東方  29.8  公里 (位於臺灣東部海域)
小區域,2018/6/25 下午 09:08:00,121.23,22.82,9.5,2.5,臺東縣政府東北方  10.9  公里 (位於臺東縣近海)
小區域,2018/6/25 上午 01:53:00,120.52,23.3,12.9,2.9,嘉義市政府南偏東方  20.7  公里 (位於臺南市東山區)
小區域,2018/6/23 上午 12:11:00,120.68,22.71,26.4,3.3,屏東縣政府東方  19.5  公里 (位於屏東縣三地門鄉)
小區域,2018/6/22 下午 06:13:00,120.83,23.21,5.4,3.4,嘉義市政府東南方  48.7  公里 (位於高雄市桃源區)
小區域,2018/6/22 下午 04:13:00,121.79,24.72,10.6,3,宜蘭縣政府東偏南方  2.6  公里 (位於宜蘭縣壯圍鄉)
小區域,2018/6/22 下午 01:19:00,120.83,23.21,4.6,4.1,嘉義市政府東南方  48.9  公里 (位於高雄市桃源區)
小區域,2018/6/22 上午 02:42:00,121.48,23.83,8.2,2.9,花蓮縣政府西南方  22.9  公里 (位於花蓮縣壽豐鄉)
小區域,2018/6/21 下午 05:44:00,121.27,23.66,10.9,3.4,花蓮縣政府西南方  51.4  公里 (位於花蓮縣萬榮鄉)
小區域,2018/6/21 上午 03:18:00,122.24,24.07,34.6,4.8,花蓮縣政府東方  63.6  公里 (位於臺灣東部海域)
097   ,2018/6/21 上午 01:08:00,120.92,24.21,34.8,3.9,臺中市政府東偏北方  25.2  公里 (位於臺中市和平區)
小區域,2018/6/20 下午 12:49:00,121.55,23.77,21,3.2,花蓮縣政府南偏西方  25.9  公里 (位於花蓮縣壽豐鄉)
小區域,2018/6/20 上午 01:02:00,120.99,23.08,3.2,3.7,臺東縣政府北偏西方  39.2  公里 (位於臺東縣海端鄉)
小區域,2018/6/18 下午 11:06:00,122.63,24.81,126.4,4.7,宜蘭縣政府東方  87.8  公里 (位於臺灣東部海域)
小區域,2018/6/16 上午 09:08:00,121.83,24.68,63.2,3.8,宜蘭縣政府東南方  9.3  公里 (位於宜蘭縣近海)
096   ,2018/6/16 上午 04:53:00,121.84,24.67,63.2,5.3,宜蘭縣政府東南方  10.3  公里 (位於宜蘭縣近海)
小區域,2018/6/15 下午 05:37:00,121.76,24.45,6.8,2.8,宜蘭縣政府南方  31.2  公里 (位於宜蘭縣南澳鄉)
小區域,2018/6/15 下午 02:41:00,120.06,22.91,14.3,3.5,臺南市政府西南方  15.6  公里 (位於臺灣西部海域)
小區域,2018/6/15 下午 02:15:00,121.75,24.45,7.1,2.7,宜蘭縣政府南方  31.2  公里 (位於宜蘭縣南澳鄉)
小區域,2018/6/13 下午 05:49:00,120.99,23.08,2.5,4.1,臺東縣政府北偏西方  40.0  公里 (位於臺東縣海端鄉)
095   ,2018/6/12 上午 04:52:00,121.76,23.98,5.1,4.6,花蓮縣政府東方  14.4  公里 (位於臺灣東部海域)
小區域,2018/6/12 上午 02:12:00,121.76,23.97,7.2,3.6,花蓮縣政府東方  14.7  公里 (位於臺灣東部海域)
094   ,2018/6/11 下午 11:42:00,121.75,23.98,6.7,4.5,花蓮縣政府東方  13.1  公里 (位於臺灣東部海域)
小區域,2018/6/11 下午 08:25:00,120.71,23.64,14.6,3,雲林縣政府東偏南方  19.5  公里 (位於南投縣竹山鎮)
小區域,2018/6/11 下午 02:14:00,121.49,23.96,15.7,2.4,花蓮縣政府西偏南方  13.7  公里 (位於花蓮縣秀林鄉)
小區域,2018/6/11 下午 01:04:00,121.48,24,15.2,2.8,花蓮縣政府西方  13.9  公里 (位於花蓮縣秀林鄉)
小區域,2018/6/11 下午 12:52:00,121.41,23.78,17.3,2.8,花蓮縣政府西南方  31.2  公里 (位於花蓮縣萬榮鄉)
小區域,2018/6/10 下午 05:21:00,120.57,23.57,5.6,2.2,雲林縣政府南偏東方  14.7  公里 (位於嘉義縣梅山鄉)
小區域,2018/6/10 下午 04:18:00,120.58,23.58,6.1,3.6,雲林縣政府南偏東方  14.6  公里 (位於嘉義縣梅山鄉)
小區域,2018/6/10 下午 03:29:00,122.02,23.32,32.5,4.1,花蓮縣政府南偏東方  84.8  公里 (位於臺灣東部海域)
小區域,2018/6/10 下午 01:09:00,121.89,24.4,18.2,3.7,宜蘭縣政府南偏東方  38.9  公里 (位於臺灣東部海域)
小區域,2018/6/10 上午 10:19:00,120.55,23.21,15.8,3.3,嘉義市政府南偏東方  31.4  公里 (位於臺南市楠西區)
小區域,2018/6/10 上午 08:53:00,121.18,24.89,13.6,2.2,桃園市政府西南方  17.1  公里 (位於桃園市龍潭區)
小區域,2018/6/10 上午 03:09:00,120.43,23.26,8.9,3.8,嘉義市政府南方  24.1  公里 (位於臺南市東山區)
小區域,2018/6/9 下午 05:40:00,121.79,24.39,21.9,3,宜蘭縣政府南方  37.5  公里 (位於宜蘭縣近海)
小區域,2018/6/9 上午 07:14:00,121.37,23.21,17.8,3.5,臺東縣政府北偏東方  54.9  公里 (位於臺東縣成功鎮)
小區域,2018/6/9 上午 04:21:00,121.24,22.86,9.5,3.5,臺東縣政府東北方  14.8  公里 (位於臺東縣近海)
小區域,2018/6/8 下午 08:25:00,120.74,24.11,13.6,3.2,臺中市政府東偏南方  6.7  公里 (位於臺中市太平區)
小區域,2018/6/8 下午 12:36:00,120.89,23.16,5.4,3.5,臺東縣政府北偏西方  52.2  公里 (位於臺東縣海端鄉)
小區域,2018/6/8 上午 07:21:00,121.27,23.64,10.8,3.2,花蓮縣政府西南方  52.2  公里 (位於花蓮縣萬榮鄉)
小區域,2018/6/8 上午 06:31:00,121.27,23.65,10.6,3.6,花蓮縣政府西南方  51.8  公里 (位於花蓮縣萬榮鄉)
小區域,2018/6/8 上午 12:03:00,121.26,23.65,3.8,3.2,花蓮縣政府西南方  52.6  公里 (位於花蓮縣萬榮鄉)
小區域,2018/6/8 上午 12:03:00,121.27,23.65,10.8,2.8,花蓮縣政府西南方  52.1  公里 (位於花蓮縣萬榮鄉)
小區域,2018/6/7 下午 11:46:00,121.45,24.36,6.3,2.7,花蓮縣政府北偏西方  44.8  公里 (位於花蓮縣秀林鄉)
小區域,2018/6/7 下午 09:52:00,121.27,23.65,10.5,3.4,花蓮縣政府西南方  51.6  公里 (位於花蓮縣萬榮鄉)
小區域,2018/6/7 下午 09:17:00,121.27,23.65,10.9,3.8,花蓮縣政府西南方  52.3  公里 (位於花蓮縣萬榮鄉)
小區域,2018/6/7 上午 05:19:00,121.4,22.09,19.2,4.2,臺東縣政府南偏東方  77.9  公里 (位於臺灣東部海域)
093   ,2018/6/7 上午 02:14:00,121.21,22.84,8.4,4.1,臺東縣政府東北方  11.1  公里 (位於臺東縣近海)
小區域,2018/6/4 下午 02:34:00,120.48,23.44,11.8,3.7,嘉義市政府南偏東方  5.7  公里 (位於嘉義縣中埔鄉)
小區域,2018/6/2 下午 09:37:00,121.48,23.95,18.4,3.7,花蓮縣政府西偏南方  15.3  公里 (位於花蓮縣秀林鄉)
小區域,2018/6/2 下午 07:25:00,121.91,24.5,60.4,4.2,宜蘭縣政府南偏東方  29.6  公里 (位於宜蘭縣近海)
小區域,2018/6/2 下午 06:40:00,121.49,24,18.4,2.7,花蓮縣政府西方  13.3  公里 (位於花蓮縣秀林鄉)
小區域,2018/6/2 上午 10:54:00,120.66,23.65,9.2,3.4,雲林縣政府東偏南方  14.7  公里 (位於南投縣竹山鎮)
092   ,2018/6/2 上午 10:01:00,121.05,23.89,18.3,4.7,南投縣政府東方  36.6  公里 (位於南投縣仁愛鄉)
小區域,2018/6/2 上午 08:28:00,121.23,22.84,7.9,3.5,臺東縣政府東北方  12.8  公里 (位於臺東縣近海)
091   ,2018/6/2 上午 01:43:00,121.48,23.94,18.9,4.3,花蓮縣政府西偏南方  15.5  公里 (位於花蓮縣秀林鄉)
小區域,2018/6/1 下午 12:31:00,120.52,23.28,7.1,3.1,嘉義市政府南偏東方  23.2  公里 (位於嘉義縣大埔鄉)
小區域,2018/5/31 下午 06:07:00,121.68,23.9,26.9,2.9,花蓮縣政府南偏東方  11.8  公里 (位於花蓮縣近海)
小區域,2018/5/31 上午 09:19:00,121.22,22.85,9.8,2.9,臺東縣政府東北方  12.9  公里 (位於臺東縣近海)
小區域,2018/5/31 上午 09:17:00,121.23,22.83,9.2,3.1,臺東縣政府東北方  11.8  公里 (位於臺東縣近海)
小區域,2018/5/31 上午 09:03:00,121.28,22.81,17,4.2,臺東縣政府東偏北方  14.4  公里 (位於臺東縣近海)
090   ,2018/5/31 上午 09:03:00,121.23,22.86,8.7,4.7,臺東縣政府東北方  14.0  公里 (位於臺東縣近海)
小區域,2018/5/29 下午 04:02:00,121.67,24.05,8.2,3.3,花蓮縣政府東北方  8.4  公里 (位於花蓮縣近海)
小區域,2018/5/29 上午 11:02:00,121.43,23.87,26.2,2.8,花蓮縣政府西偏南方  23.0  公里 (位於花蓮縣秀林鄉)
小區域,2018/5/29 上午 09:38:00,120.88,22.14,7.1,3.4,屏東縣政府東南方  72.6  公里 (位於屏東縣牡丹鄉)
小區域,2018/5/26 上午 08:17:00,121.5,21.97,21.5,2.9,臺東縣政府南偏東方  93.9  公里 (位於臺灣東南部海域)
小區域,2018/5/25 下午 02:56:00,121.23,22.85,7.3,2.9,臺東縣政府東北方  13.4  公里 (位於臺東縣近海)
小區域,2018/5/25 下午 02:51:00,121.22,22.86,8.4,3,臺東縣政府北偏東方  13.1  公里 (位於臺東縣近海)
小區域,2018/5/24 上午 10:29:00,120.37,23.36,10.7,3.3,嘉義縣政府東南方  13.4  公里 (位於臺南市後壁區)
小區域,2018/5/24 上午 10:28:00,120.37,23.36,9.5,3.4,嘉義縣政府東南方  13.6  公里 (位於臺南市後壁區)
089   ,2018/5/23 下午 04:30:00,120.3,23.43,14.2,4.1,嘉義縣政府南方  3.6  公里 (位於嘉義縣鹿草鄉)
小區域,2018/5/22 下午 09:36:00,120.3,23.43,13.5,2.6,嘉義縣政府南方  3.4  公里 (位於嘉義縣鹿草鄉)
小區域,2018/5/21 下午 08:58:00,121.43,23.45,31.1,3.4,花蓮縣政府南偏西方  62.7  公里 (位於花蓮縣玉里鎮)
小區域,2018/5/21 上午 11:42:00,121.31,24.73,8.3,3.1,桃園市政府南方  28.9  公里 (位於桃園市復興區)
小區域,2018/5/20 下午 02:44:00,121.63,24.2,18.9,3.5,花蓮縣政府北方  23.7  公里 (位於花蓮縣秀林鄉)
小區域,2018/5/20 下午 12:52:00,121.12,21.9,28.6,3.8,臺東縣政府南方  94.9  公里 (位於臺灣東南部海域)
小區域,2018/5/20 上午 11:41:00,121.97,24.36,21.1,3.5,宜蘭縣政府南偏東方  45.8  公里 (位於臺灣東部海域)
小區域,2018/5/20 上午 01:13:00,121.71,24.25,13.9,2.8,花蓮縣政府北偏東方  29.5  公里 (位於花蓮縣秀林鄉)
小區域,2018/5/19 上午 11:09:00,122.32,24.95,17.5,4.3,基隆市政府東偏南方  61.7  公里 (位於臺灣東部海域)
小區域,2018/5/18 上午 11:54:00,121.02,24.76,4.7,2.3,新竹市政府東南方  6.8  公里 (位於新竹市東區)
小區域,2018/5/16 下午 03:32:00,120.46,23.16,10.1,2.9,臺南市政府東偏北方  33.7  公里 (位於臺南市玉井區)
小區域,2018/5/15 下午 04:14:00,121.02,24.76,4.6,1.3,新竹市政府東南方  6.9  公里 (位於新竹市東區)
小區域,2018/5/13 上午 05:18:00,121.95,24.73,78.8,4.3,宜蘭縣政府東方  19.3  公里 (位於臺灣東部海域)
小區域,2018/5/13 上午 02:15:00,121.84,24.54,7.2,2.5,宜蘭縣政府南偏東方  22.4  公里 (位於宜蘭縣南澳鄉)
088   ,2018/5/12 下午 12:17:00,121.69,23.86,47.7,4.7,花蓮縣政府南偏東方  15.8  公里 (位於臺灣東部海域)
小區域,2018/5/12 上午 03:46:00,121.34,22.56,18.8,3.3,臺東縣政府東南方  29.0  公里 (位於臺灣東部海域)
小區域,2018/5/11 下午 07:11:00,121.6,23.97,5,2.1,花蓮縣政府西南方  2.9  公里 (位於花蓮縣花蓮市)
小區域,2018/5/11 上午 08:15:00,120.68,22.84,19.6,3.6,屏東縣政府東北方  26.3  公里 (位於屏東縣三地門鄉)
小區域,2018/5/9 下午 04:43:00,121.6,24.55,6.7,3.3,宜蘭縣政府西南方  26.0  公里 (位於宜蘭縣南澳鄉)
小區域,2018/5/9 上午 02:47:00,122.3,24.95,16.6,3.8,宜蘭縣政府東偏北方  59.1  公里 (位於臺灣東部海域)
小區域,2018/5/9 上午 01:39:00,122.3,24.93,10,3.9,宜蘭縣政府東偏北方  59.1  公里 (位於臺灣東部海域)
小區域,2018/5/9 上午 12:04:00,121.31,22.68,37.3,4.2,臺東縣政府東偏南方  18.7  公里 (位於臺灣東部海域)
小區域,2018/5/8 下午 07:29:00,120.89,23.78,21.2,2.9,南投縣政府東偏南方  24.6  公里 (位於南投縣信義鄉)
小區域,2018/5/5 下午 09:01:00,121.64,24.3,22.4,3.4,花蓮縣政府北方  34.3  公里 (位於花蓮縣秀林鄉)
小區域,2018/5/5 下午 07:32:00,121.64,24.33,22.7,2.8,花蓮縣政府北方  37.3  公里 (位於花蓮縣秀林鄉)
小區域,2018/5/5 下午 02:12:00,121.37,24.44,9,3.2,宜蘭縣政府西南方  50.9  公里 (位於宜蘭縣大同鄉)
小區域,2018/5/4 上午 07:37:00,120.5,23.14,14.5,3.2,臺南市政府東偏北方  35.8  公里 (位於臺南市楠西區)
087   ,2018/5/4 上午 06:19:00,120.5,23.14,14.6,4.1,臺南市政府東偏北方  35.7  公里 (位於臺南市楠西區)
小區域,2018/5/3 下午 03:35:00,120.72,23.59,15.2,3.2,雲林縣政府東偏南方  23.0  公里 (位於雲林縣古坑鄉)
小區域,2018/5/3 上午 05:23:00,121.99,24.3,51.8,3.8,花蓮縣政府東北方  51.1  公里 (位於臺灣東部海域)
小區域,2018/5/3 上午 01:27:00,121.08,22.91,11.4,3.3,臺東縣政府北偏西方  18.2  公里 (位於臺東縣鹿野鄉)
086   ,2018/5/2 上午 07:47:00,122.36,24.02,24.8,5.5,花蓮縣政府東方  75.5  公里 (位於臺灣東部海域)
小區域,2018/5/2 上午 12:47:00,122.06,24.48,59.9,4.3,宜蘭縣政府東南方  41.1  公里 (位於臺灣東部海域)
小區域,2018/5/1 下午 02:37:00,121.71,24.32,4.1,3.5,花蓮縣政府北偏東方  37.6  公里 (位於花蓮縣秀林鄉)
小區域,2018/5/1 上午 07:10:00,121.01,22.38,11.6,3.7,臺東縣政府南偏西方  44.5  公里 (位於臺灣東部海域)
小區域,2018/4/30 下午 05:19:00,121,24.21,35.9,3.4,臺中市政府東偏北方  33.7  公里 (位於臺中市和平區)
小區域,2018/4/30 上午 07:49:00,121.47,23.93,18.4,3.2,花蓮縣政府西偏南方  16.8  公里 (位於花蓮縣秀林鄉)
小區域,2018/4/29 下午 09:54:00,121.09,22.91,10.9,3.4,臺東縣政府北偏西方  18.7  公里 (位於臺東縣延平鄉)
小區域,2018/4/29 下午 04:39:00,121.01,22.36,11.8,3.8,臺東縣政府南偏西方  46.1  公里 (位於臺灣東部海域)
085   ,2018/4/29 下午 03:02:00,121,22.36,12.1,4.4,臺東縣政府南偏西方  46.1  公里 (位於臺東縣近海)
小區域,2018/4/28 上午 03:15:00,121.77,24.47,10,2.9,宜蘭縣政府南方  28.6  公里 (位於宜蘭縣南澳鄉)
小區域,2018/4/27 下午 04:01:00,121,24.76,5.1,1.9,新竹市政府東南方  6.2  公里 (位於新竹縣寶山鄉)
084   ,2018/4/27 下午 01:55:00,120.99,22.34,11.9,4.5,臺東縣政府南偏西方  48.9  公里 (位於臺東縣近海)
小區域,2018/4/27 下午 12:34:00,120.99,22.33,11.7,3.5,臺東縣政府南偏西方  49.6  公里 (位於臺灣東部海域)
小區域,2018/4/27 上午 03:02:00,121.54,24.63,9,2.5,宜蘭縣政府西偏南方  25.3  公里 (位於宜蘭縣大同鄉)
小區域,2018/4/26 下午 01:46:00,121.07,22.34,5,4.5,臺東縣政府南偏西方  46.6  公里 (位於臺灣東部海域)
083   ,2018/4/26 下午 01:44:00,121.05,22.36,3.7,4.6,臺東縣政府南偏西方  44.9  公里 (位於臺灣東部海域)
082   ,2018/4/26 上午 11:12:00,121.02,22.36,10.4,4.2,臺東縣政府南偏西方  45.4  公里 (位於臺灣東部海域)
小區域,2018/4/24 下午 12:58:00,120.71,23.63,15.2,3.2,雲林縣政府東偏南方  20.3  公里 (位於雲林縣古坑鄉)
小區域,2018/4/24 上午 10:11:00,121.98,24.4,19,3.2,宜蘭縣政府南偏東方  42.8  公里 (位於臺灣東部海域)
小區域,2018/4/24 上午 01:10:00,122.43,24,25.4,5,花蓮縣政府東方  82.6  公里 (位於臺灣東部海域)
小區域,2018/4/23 下午 08:37:00,121.52,23.89,11.3,2.2,花蓮縣政府西南方  15.3  公里 (位於花蓮縣壽豐鄉)
小區域,2018/4/23 上午 08:36:00,121.75,24,7.3,3.7,花蓮縣政府東方  12.9  公里 (位於臺灣東部海域)
小區域,2018/4/23 上午 07:36:00,121.34,23.06,18.7,3.5,臺東縣政府北偏東方  38.9  公里 (位於臺東縣近海)
小區域,2018/4/22 上午 06:32:00,121.74,24.36,11.3,2.9,宜蘭縣政府南方  41.5  公里 (位於宜蘭縣南澳鄉)
081   ,2018/4/21 下午 06:56:00,121.7,23.01,24.2,4.7,臺東縣政府東偏北方  63.0  公里 (位於臺灣東部海域)
小區域,2018/4/21 上午 05:35:00,121.66,24.05,8,2.7,花蓮縣政府北偏東方  7.1  公里 (位於花蓮縣近海)
小區域,2018/4/20 下午 01:25:00,122.37,24.37,70.6,4.7,宜蘭縣政府東偏南方  73.7  公里 (位於臺灣東部海域)
小區域,2018/4/19 上午 10:52:00,121.78,24.24,15.5,3.5,花蓮縣政府北偏東方  32.0  公里 (位於花蓮縣近海)
080   ,2018/4/19 上午 10:46:00,121.79,24.24,16.8,4.2,花蓮縣政府東北方  32.0  公里 (位於花蓮縣近海)
小區域,2018/4/19 上午 06:04:00,121.83,24.04,6.5,3.5,花蓮縣政府東偏北方  21.6  公里 (位於臺灣東部海域)
小區域,2018/4/18 下午 09:36:00,121.61,24,7,2.8,花蓮縣政府北偏西方  1.4  公里 (位於花蓮縣花蓮市)
小區域,2018/4/18 上午 04:02:00,120.52,23.42,12.5,4,嘉義市政府東南方  9.3  公里 (位於嘉義縣中埔鄉)
小區域,2018/4/17 上午 09:18:00,121.3,23.16,6.6,3,臺東縣政府北偏東方  47.4  公里 (位於花蓮縣富里鄉)
079   ,2018/4/16 下午 09:48:00,121.34,23.06,19,4.8,臺東縣政府北偏東方  38.6  公里 (位於臺東縣近海)
小區域,2018/4/16 上午 02:35:00,121.73,24.26,12,2.3,花蓮縣政府北偏東方  32.4  公里 (位於花蓮縣秀林鄉)
078   ,2018/4/15 下午 10:11:00,120.68,23.36,5,4.1,嘉義市政府東偏南方  26.7  公里 (位於嘉義縣阿里山鄉)
小區域,2018/4/15 下午 09:51:00,120.81,23.2,6,3.7,嘉義市政府東南方  47.7  公里 (位於高雄市桃源區)
小區域,2018/4/14 下午 07:28:00,121.8,24.27,17.5,2.7,花蓮縣政府北偏東方  36.3  公里 (位於花蓮縣近海)
小區域,2018/4/11 下午 10:15:00,121.7,24.25,12.3,2.6,花蓮縣政府北偏東方  29.5  公里 (位於花蓮縣秀林鄉)
小區域,2018/4/11 下午 03:39:00,121.67,22.72,24.8,4.5,臺東縣政府東方  53.6  公里 (位於臺灣東部海域)
小區域,2018/4/11 上午 09:27:00,121.53,24.44,7.9,3.2,宜蘭縣政府西南方  39.9  公里 (位於宜蘭縣南澳鄉)
小區域,2018/4/10 下午 03:06:00,121.62,23.99,7.3,2.3,花蓮縣政府西偏北方  .6  公里 (位於花蓮縣花蓮市)
小區域,2018/4/9 下午 03:43:00,121.53,24.44,8,3.1,宜蘭縣政府西南方  40.0  公里 (位於宜蘭縣南澳鄉)
小區域,2018/4/9 上午 05:29:00,121.53,24.44,7.7,3.1,宜蘭縣政府西南方  40.0  公里 (位於宜蘭縣南澳鄉)
小區域,2018/4/9 上午 04:21:00,121.53,24.44,7.8,3.1,宜蘭縣政府西南方  40.3  公里 (位於宜蘭縣南澳鄉)
小區域,2018/4/7 下午 06:43:00,121.74,24.44,6.6,3.6,宜蘭縣政府南方  32.7  公里 (位於宜蘭縣南澳鄉)
小區域,2018/4/4 上午 05:00:00,121.71,24.26,12.1,2.8,花蓮縣政府北偏東方  30.8  公里 (位於花蓮縣秀林鄉)
077   ,2018/4/2 上午 12:02:00,120.85,23.82,29.6,4.5,南投縣政府東偏南方  18.4  公里 (位於南投縣水里鄉)
小區域,2018/3/31 下午 03:27:00,120.65,22.87,16.6,3.6,屏東縣政府東北方  26.2  公里 (位於屏東縣三地門鄉)
小區域,2018/3/30 下午 09:52:00,121.57,24.08,14.7,2.7,花蓮縣政府北偏西方  10.7  公里 (位於花蓮縣秀林鄉)
小區域,2018/3/30 上午 06:56:00,121.81,24.23,18,3.2,花蓮縣政府東北方  33.1  公里 (位於臺灣東部海域)
小區域,2018/3/29 下午 12:31:00,120.45,23.18,10.2,3.4,嘉義市政府南方  32.9  公里 (位於臺南市玉井區)
小區域,2018/3/29 上午 09:05:00,121,24,10,3.3,南投縣政府東偏北方  33.4  公里 (位於南投縣埔里鎮)
小區域,2018/3/29 上午 08:24:00,121.01,24,10.5,3.8,南投縣政府東偏北方  34.2  公里 (位於南投縣埔里鎮)
076   ,2018/3/29 上午 08:17:00,121.01,24,11.1,5,南投縣政府東偏北方  34.9  公里 (位於南投縣埔里鎮)
小區域,2018/3/28 下午 08:39:00,120.61,23.54,9.5,2.9,嘉義市政府東偏北方  17.2  公里 (位於嘉義縣梅山鄉)
075   ,2018/3/28 下午 06:29:00,121.98,24.65,63.7,4.9,宜蘭縣政府東偏南方  23.4  公里 (位於臺灣東部海域)
小區域,2018/3/28 下午 12:20:00,121.86,24.48,10.8,2.7,宜蘭縣政府南偏東方  29.5  公里 (位於宜蘭縣近海)
小區域,2018/3/28 上午 11:31:00,121.5,24.4,7.1,3.3,宜蘭縣政府西南方  45.2  公里 (位於宜蘭縣南澳鄉)
小區域,2018/3/28 上午 09:00:00,121.73,24.41,7.9,3.4,宜蘭縣政府南方  36.0  公里 (位於宜蘭縣南澳鄉)
小區域,2018/3/26 下午 09:18:00,121.5,24.41,6.9,2.5,宜蘭縣政府西南方  45.1  公里 (位於宜蘭縣南澳鄉)
074   ,2018/3/22 下午 10:27:00,120.62,23.59,7.7,4.7,雲林縣政府東南方  15.2  公里 (位於嘉義縣梅山鄉)
073   ,2018/3/21 下午 06:44:00,121.84,24.54,8.5,3.6,宜蘭縣政府南偏東方  23.0  公里 (位於宜蘭縣南澳鄉)
小區域,2018/3/21 下午 12:50:00,121.61,24.01,9.4,3.5,花蓮縣政府北偏西方  1.8  公里 (位於花蓮縣花蓮市)
小區域,2018/3/20 下午 08:40:00,121.84,24.53,8.5,3.2,宜蘭縣政府南偏東方  23.2  公里 (位於宜蘭縣南澳鄉)
072   ,2018/3/20 下午 05:22:00,120.54,23.3,11.2,5.3,嘉義市政府南偏東方  22.1  公里 (位於嘉義縣大埔鄉)
小區域,2018/3/19 下午 08:14:00,121.92,24.51,13.5,3.1,宜蘭縣政府東南方  29.4  公里 (位於宜蘭縣近海)
小區域,2018/3/18 下午 10:39:00,121.91,24.44,22.7,3.6,宜蘭縣政府南偏東方  35.8  公里 (位於臺灣東部海域)
小區域,2018/3/18 上午 10:59:00,121.38,23.2,18.1,4.2,臺東縣政府北偏東方  54.4  公里 (位於臺東縣成功鎮)
小區域,2018/3/17 上午 09:37:00,121.64,24.33,23.3,3.3,花蓮縣政府北方  37.8  公里 (位於花蓮縣秀林鄉)
小區域,2018/3/17 上午 09:01:00,121.64,24.34,23.6,3.5,花蓮縣政府北方  38.3  公里 (位於花蓮縣秀林鄉)
小區域,2018/3/16 下午 01:29:00,121.64,24.05,9.1,2.8,花蓮縣政府北偏東方  6.5  公里 (位於花蓮縣近海)
小區域,2018/3/15 下午 07:57:00,121.01,24.04,17.2,4.1,臺中市政府東偏南方  35.1  公里 (位於南投縣仁愛鄉)
小區域,2018/3/14 下午 09:03:00,121.83,24.15,5.7,4.2,花蓮縣政府東北方  27.9  公里 (位於臺灣東部海域)
小區域,2018/3/14 下午 07:04:00,121.81,24.16,6.8,3.9,花蓮縣政府東北方  26.7  公里 (位於臺灣東部海域)
小區域,2018/3/14 下午 06:48:00,121.84,24.15,8.3,4.3,花蓮縣政府東北方  27.9  公里 (位於臺灣東部海域)
小區域,2018/3/14 下午 02:07:00,120.8,22.34,8,3.6,屏東縣政府東南方  50.0  公里 (位於臺東縣達仁鄉)
小區域,2018/3/14 下午 12:34:00,120.8,22.34,7.8,3.2,屏東縣政府東南方  50.0  公里 (位於臺東縣達仁鄉)
小區域,2018/3/12 上午 08:15:00,120.81,23.19,6.2,3.5,嘉義市政府東南方  48.1  公里 (位於高雄市桃源區)
小區域,2018/3/11 下午 05:53:00,121.66,24.35,6.6,2.7,花蓮縣政府北方  39.6  公里 (位於宜蘭縣南澳鄉)
小區域,2018/3/10 下午 12:31:00,121.49,23.45,26,3.8,花蓮縣政府南偏西方  61.4  公里 (位於花蓮縣豐濱鄉)
小區域,2018/3/9 下午 09:45:00,121.64,24.01,7.4,3.7,花蓮縣政府東北方  2.6  公里 (位於花蓮縣花蓮市)
小區域,2018/3/9 下午 03:14:00,121.81,24.2,18.9,2.9,花蓮縣政府東北方  30.5  公里 (位於臺灣東部海域)
小區域,2018/3/8 下午 11:28:00,121.72,24.2,8.1,3.3,花蓮縣政府北偏東方  24.8  公里 (位於花蓮縣近海)
071   ,2018/3/6 下午 05:42:00,121.86,24.7,81.7,4.9,宜蘭縣政府東偏南方  10.7  公里 (位於宜蘭縣近海)
小區域,2018/3/6 下午 03:14:00,121.58,23.89,8.3,3.8,花蓮縣政府南偏西方  12.2  公里 (位於花蓮縣壽豐鄉)
小區域,2018/3/6 下午 03:08:00,121.57,23.89,8.2,3.1,花蓮縣政府南偏西方  12.1  公里 (位於花蓮縣壽豐鄉)
小區域,2018/3/6 下午 12:40:00,121.51,25.02,5.1,2.2,新北市政府東方  4.7  公里 (位於臺北市中正區)
小區域,2018/3/6 上午 11:22:00,121.58,23.97,7,2.9,花蓮縣政府西南方  4.5  公里 (位於花蓮縣吉安鄉)
小區域,2018/3/5 下午 10:40:00,121.7,24.25,12.4,2.4,花蓮縣政府北偏東方  29.3  公里 (位於花蓮縣秀林鄉)
小區域,2018/3/4 下午 11:19:00,121.64,24.05,8.2,2.5,花蓮縣政府北偏東方  6.9  公里 (位於花蓮縣近海)
小區域,2018/3/4 下午 02:32:00,121.76,21.9,23.6,4.4,臺東縣政府東南方  113.6  公里 (位於臺灣東南部海域)
小區域,2018/3/4 上午 11:20:00,121.73,24.18,8.2,3.3,花蓮縣政府北偏東方  23.4  公里 (位於花蓮縣近海)
小區域,2018/3/4 上午 10:32:00,121.79,23.92,3.2,3.2,花蓮縣政府東偏南方  19.1  公里 (位於臺灣東部海域)
070   ,2018/3/4 上午 01:35:00,121.71,24.18,10.1,4.9,花蓮縣政府北偏東方  22.7  公里 (位於花蓮縣近海)
小區域,2018/3/4 上午 01:20:00,121.84,24.46,8.6,2.8,宜蘭縣政府南偏東方  31.4  公里 (位於宜蘭縣近海)
小區域,2018/3/3 下午 05:09:00,120.58,23.06,8.4,3.5,臺南市政府東方  41.1  公里 (位於高雄市甲仙區)
小區域,2018/3/2 下午 07:45:00,121.6,24,6.4,2,花蓮縣政府西偏北方  2.6  公里 (位於花蓮縣花蓮市)
小區域,2018/3/2 上午 11:42:00,122.92,24.32,42.2,5.3,宜蘭縣政府東偏南方  126.4  公里 (位於臺灣東部海域)
小區域,2018/3/2 上午 01:47:00,121.58,23.96,7.7,2.4,花蓮縣政府西南方  4.8  公里 (位於花蓮縣吉安鄉)
小區域,2018/3/2 上午 12:49:00,121.56,24.18,23.8,2.8,花蓮縣政府北偏西方  21.8  公里 (位於花蓮縣秀林鄉)
小區域,2018/3/2 上午 12:10:00,121.73,24.68,8.7,2.8,宜蘭縣政府西南方  6.4  公里 (位於宜蘭縣冬山鄉)
小區域,2018/3/2 上午 12:08:00,121.6,23.94,10.4,2.3,花蓮縣政府南偏西方  6.1  公里 (位於花蓮縣壽豐鄉)
小區域,2018/3/1 下午 10:14:00,121.59,23.93,8.2,2.3,花蓮縣政府南偏西方  7.1  公里 (位於花蓮縣吉安鄉)
小區域,2018/3/1 下午 09:42:00,123.92,24.42,68.3,5.8,宜蘭縣政府東方  220.6  公里 (位於臺灣東部海域)
小區域,2018/3/1 上午 05:23:00,121.59,23.97,5.9,2.1,花蓮縣政府西偏南方  3.7  公里 (位於花蓮縣吉安鄉)
小區域,2018/2/28 下午 12:09:00,121.81,24.2,8.3,3.6,花蓮縣政府東北方  29.8  公里 (位於臺灣東部海域)
小區域,2018/2/27 下午 11:35:00,121.5,23.38,31.3,3.7,花蓮縣政府南偏西方  68.7  公里 (位於臺東縣近海)
小區域,2018/2/26 下午 10:10:00,121.6,23.96,7.1,3.5,花蓮縣政府西南方  3.8  公里 (位於花蓮縣吉安鄉)
小區域,2018/2/26 下午 02:56:00,121.67,23.39,28.7,4.1,花蓮縣政府南方  67.2  公里 (位於臺灣東部海域)
小區域,2018/2/26 上午 05:16:00,121.82,24.24,10.6,3.2,花蓮縣政府東北方  34.3  公里 (位於臺灣東部海域)
069   ,2018/2/26 上午 02:28:00,121.9,24.43,22.1,5.4,宜蘭縣政府南偏東方  35.8  公里 (位於臺灣東部海域)
小區域,2018/2/26 上午 01:27:00,121.58,23.89,7.9,2.8,花蓮縣政府南偏西方  11.8  公里 (位於花蓮縣壽豐鄉)
小區域,2018/2/25 下午 06:46:00,121.75,24.27,8.9,3.1,花蓮縣政府北偏東方  33.6  公里 (位於花蓮縣近海)
小區域,2018/2/25 上午 10:18:00,121.63,24,7,3.3,花蓮縣政府東北方  1.9  公里 (位於花蓮縣花蓮市)
小區域,2018/2/25 上午 10:03:00,121.57,23.83,22,3.6,花蓮縣政府南偏西方  18.6  公里 (位於花蓮縣壽豐鄉)
小區域,2018/2/25 上午 07:57:00,121.56,24.18,23.1,2.8,花蓮縣政府北偏西方  21.9  公里 (位於花蓮縣秀林鄉)
068   ,2018/2/25 上午 04:07:00,121.71,24.2,7.8,3.6,花蓮縣政府北偏東方  24.9  公里 (位於花蓮縣近海)
小區域,2018/2/25 上午 03:56:00,121.8,24.79,77.3,4.3,宜蘭縣政府東北方  7.5  公里 (位於宜蘭縣壯圍鄉)
小區域,2018/2/25 上午 12:52:00,121.59,24,6.3,2.2,花蓮縣政府西偏北方  3.4  公里 (位於花蓮縣花蓮市)
小區域,2018/2/23 下午 01:25:00,120.15,23.14,14.9,2.7,臺南市政府北偏西方  17.3  公里 (位於臺南市佳里區)
小區域,2018/2/22 下午 09:18:00,121.81,24.03,49,3.5,花蓮縣政府東偏北方  19.7  公里 (位於臺灣東部海域)
067   ,2018/2/22 上午 07:10:00,121.53,23.41,35.6,5.6,花蓮縣政府南方  64.6  公里 (位於臺東縣近海)
小區域,2018/2/22 上午 04:13:00,121.76,24.25,9.4,3.1,花蓮縣政府北偏東方  32.1  公里 (位於花蓮縣近海)
小區域,2018/2/21 下午 04:07:00,121.6,24.07,8.1,2.8,花蓮縣政府北偏西方  9.4  公里 (位於花蓮縣秀林鄉)
小區域,2018/2/21 下午 01:22:00,120.78,23.29,14.6,4,嘉義市政府東偏南方  39.4  公里 (位於高雄市桃源區)
小區域,2018/2/21 上午 08:01:00,121.6,24.07,8.1,3,花蓮縣政府北偏西方  9.4  公里 (位於花蓮縣秀林鄉)
小區域,2018/2/21 上午 04:23:00,121.56,23.9,8.8,2.6,花蓮縣政府南偏西方  11.9  公里 (位於花蓮縣壽豐鄉)
小區域,2018/2/20 下午 10:14:00,121.6,24.07,8.6,3.4,花蓮縣政府北偏西方  9.4  公里 (位於花蓮縣秀林鄉)
小區域,2018/2/20 下午 02:38:00,120.8,23.99,26.5,3.2,南投縣政府東北方  14.5  公里 (位於南投縣草屯鎮)
小區域,2018/2/20 下午 01:09:00,121,22.98,7,3.6,臺東縣政府西北方  29.3  公里 (位於臺東縣延平鄉)
小區域,2018/2/20 上午 08:00:00,121.7,24.13,10.5,3.3,花蓮縣政府北偏東方  17.8  公里 (位於花蓮縣近海)
小區域,2018/2/20 上午 06:58:00,121.71,24.13,9.2,3.2,花蓮縣政府北偏東方  18.1  公里 (位於花蓮縣近海)
066   ,2018/2/19 下午 10:47:00,121.61,24.59,52.7,5.5,宜蘭縣政府西南方  21.9  公里 (位於宜蘭縣大同鄉)
小區域,2018/2/19 下午 04:27:00,121.1,23.86,26.8,3.2,南投縣政府東方  42.2  公里 (位於南投縣仁愛鄉)
065   ,2018/2/19 上午 03:21:00,121.1,23.86,27.5,4.6,南投縣政府東方  41.8  公里 (位於南投縣仁愛鄉)
小區域,2018/2/18 上午 05:10:00,121.51,23.88,10.7,2.5,花蓮縣政府西南方  16.4  公里 (位於花蓮縣壽豐鄉)
小區域,2018/2/18 上午 04:56:00,121.77,24.23,15.7,3.1,花蓮縣政府北偏東方  30.8  公里 (位於花蓮縣近海)
小區域,2018/2/18 上午 12:15:00,121.59,23.99,7.8,2.2,花蓮縣政府西方  3.1  公里 (位於花蓮縣吉安鄉)
小區域,2018/2/17 下午 05:06:00,121.32,22.63,20.4,4.5,臺東縣政府東南方  22.0  公里 (位於臺灣東部海域)
小區域,2018/2/17 上午 07:44:00,121.59,23.97,6.9,2.5,花蓮縣政府西南方  3.8  公里 (位於花蓮縣吉安鄉)
小區域,2018/2/17 上午 03:48:00,121.77,24.18,14.4,3.8,花蓮縣政府東北方  26.3  公里 (位於臺灣東部海域)
小區域,2018/2/16 下午 06:49:00,121.77,24.23,15.8,3.3,花蓮縣政府北偏東方  30.9  公里 (位於花蓮縣近海)
小區域,2018/2/16 下午 03:49:00,121.56,23.91,9.1,3.5,花蓮縣政府西南方  10.8  公里 (位於花蓮縣壽豐鄉)
小區域,2018/2/16 下午 02:12:00,121.62,24.02,7.3,3,花蓮縣政府北方  3.6  公里 (位於花蓮縣花蓮市)
小區域,2018/2/16 上午 09:48:00,121.58,23.97,6.6,2.4,花蓮縣政府西偏南方  4.5  公里 (位於花蓮縣吉安鄉)
小區域,2018/2/16 上午 07:34:00,121.71,24.21,8.6,4,花蓮縣政府北偏東方  25.3  公里 (位於花蓮縣近海)
064   ,2018/2/16 上午 12:55:00,121.8,24.27,11.9,2.9,花蓮縣政府北偏東方  36.3  公里 (位於花蓮縣近海)
小區域,2018/2/16 上午 12:51:00,121.8,24.28,11.9,3,花蓮縣政府北偏東方  36.4  公里 (位於花蓮縣近海)
小區域,2018/2/15 下午 03:12:00,121.47,23.94,19.6,3.1,花蓮縣政府西偏南方  16.1  公里 (位於花蓮縣秀林鄉)
小區域,2018/2/15 下午 12:17:00,121.69,24.15,10.8,3.2,花蓮縣政府北偏東方  18.8  公里 (位於花蓮縣近海)
小區域,2018/2/15 上午 06:40:00,121.77,24.17,14.4,3.1,花蓮縣政府東北方  25.4  公里 (位於臺灣東部海域)
小區域,2018/2/15 上午 04:36:00,121.78,24.17,14.7,3.8,花蓮縣政府東北方  25.8  公里 (位於臺灣東部海域)
小區域,2018/2/15 上午 03:08:00,121.75,24.24,9.8,2.9,花蓮縣政府北偏東方  30.7  公里 (位於花蓮縣近海)
小區域,2018/2/15 上午 02:27:00,121.81,24.18,7.7,4.3,花蓮縣政府東北方  28.5  公里 (位於臺灣東部海域)
小區域,2018/2/15 上午 01:32:00,121.6,23.98,5.7,2.7,花蓮縣政府西南方  2.3  公里 (位於花蓮縣花蓮市)
小區域,2018/2/14 下午 01:54:00,121.58,23.92,6.3,3.4,花蓮縣政府南偏西方  8.7  公里 (位於花蓮縣吉安鄉)
小區域,2018/2/14 上午 08:32:00,121.57,23.9,9.8,2.6,花蓮縣政府南偏西方  11.6  公里 (位於花蓮縣壽豐鄉)
小區域,2018/2/14 上午 08:24:00,121.56,23.9,9.1,3.2,花蓮縣政府西南方  12.2  公里 (位於花蓮縣壽豐鄉)
063   ,2018/2/14 上午 08:21:00,121.57,23.89,9.5,4.2,花蓮縣政府南偏西方  12.4  公里 (位於花蓮縣壽豐鄉)
小區域,2018/2/14 上午 08:17:00,121.57,23.89,10.9,3.6,花蓮縣政府南偏西方  12.1  公里 (位於花蓮縣壽豐鄉)
062   ,2018/2/14 上午 08:16:00,121.56,23.89,9.2,3.7,花蓮縣政府南偏西方  12.8  公里 (位於花蓮縣壽豐鄉)
小區域,2018/2/14 上午 07:56:00,121.68,24.14,13.2,2.9,花蓮縣政府北偏東方  17.9  公里 (位於花蓮縣近海)
小區域,2018/2/13 下午 10:41:00,121.56,23.9,8.5,2.8,花蓮縣政府南偏西方  12.0  公里 (位於花蓮縣壽豐鄉)
小區域,2018/2/13 下午 01:37:00,121.69,24.1,10.1,2.9,花蓮縣政府北偏東方  14.2  公里 (位於花蓮縣近海)
小區域,2018/2/13 上午 10:57:00,121.57,23.9,8.1,3.3,花蓮縣政府南偏西方  11.7  公里 (位於花蓮縣壽豐鄉)
小區域,2018/2/13 上午 10:51:00,121.58,23.92,11.7,2.8,花蓮縣政府南偏西方  8.5  公里 (位於花蓮縣吉安鄉)
小區域,2018/2/13 上午 09:27:00,121.63,24.04,7.8,3.3,花蓮縣政府北偏東方  6.0  公里 (位於花蓮縣近海)
小區域,2018/2/13 上午 09:24:00,121.59,23.91,11.9,2.6,花蓮縣政府南偏西方  9.4  公里 (位於花蓮縣壽豐鄉)
小區域,2018/2/13 上午 09:13:00,121.59,23.94,9.4,2.2,花蓮縣政府南偏西方  6.6  公里 (位於花蓮縣吉安鄉)
061   ,2018/2/13 上午 08:03:00,121.58,23.93,8.6,3.6,花蓮縣政府西南方  7.6  公里 (位於花蓮縣吉安鄉)
小區域,2018/2/13 上午 04:19:00,121.57,23.93,9.3,2.7,花蓮縣政府西南方  8.5  公里 (位於花蓮縣吉安鄉)
小區域,2018/2/13 上午 04:01:00,121.57,23.93,9.6,2.9,花蓮縣政府西南方  8.7  公里 (位於花蓮縣吉安鄉)
小區域,2018/2/13 上午 03:20:00,121.61,24.32,26.2,3.3,花蓮縣政府北方  36.6  公里 (位於花蓮縣秀林鄉)
小區域,2018/2/13 上午 12:32:00,121.75,24.22,17.3,3.1,花蓮縣政府北偏東方  28.4  公里 (位於花蓮縣近海)
小區域,2018/2/13 上午 12:00:00,121.57,24.03,6.9,3,花蓮縣政府西北方  6.6  公里 (位於花蓮縣秀林鄉)
小區域,2018/2/12 下午 09:59:00,121.56,23.89,9.6,3.1,花蓮縣政府南偏西方  12.5  公里 (位於花蓮縣壽豐鄉)
小區域,2018/2/12 下午 08:43:00,121.58,24,4.2,2.3,花蓮縣政府西方  4.1  公里 (位於花蓮縣花蓮市)
小區域,2018/2/12 下午 07:28:00,121.73,24.22,11.2,3.7,花蓮縣政府北偏東方  27.3  公里 (位於花蓮縣近海)
小區域,2018/2/12 下午 06:43:00,121.6,24.03,9.1,2.8,花蓮縣政府北偏西方  4.3  公里 (位於花蓮縣新城鄉)
小區域,2018/2/12 下午 02:30:00,121.56,23.91,9.7,2.8,花蓮縣政府西南方  11.1  公里 (位於花蓮縣壽豐鄉)
小區域,2018/2/12 下午 12:47:00,121.76,24.21,16.9,3.4,花蓮縣政府北偏東方  28.1  公里 (位於花蓮縣近海)
小區域,2018/2/12 下午 12:45:00,121.77,24.22,17.1,3.8,花蓮縣政府北偏東方  29.2  公里 (位於花蓮縣近海)
小區域,2018/2/12 上午 11:54:00,121.76,24.22,17,3.6,花蓮縣政府北偏東方  29.0  公里 (位於花蓮縣近海)
小區域,2018/2/12 上午 11:28:00,121.76,24.22,16.8,3.6,花蓮縣政府北偏東方  28.5  公里 (位於花蓮縣近海)
小區域,2018/2/12 上午 11:25:00,121.75,24.22,16.5,2.9,花蓮縣政府北偏東方  28.1  公里 (位於花蓮縣近海)
小區域,2018/2/12 上午 10:26:00,121.79,24.02,4.3,3.9,花蓮縣政府東方  17.2  公里 (位於臺灣東部海域)
小區域,2018/2/12 上午 09:45:00,121.6,24,5.2,2.2,花蓮縣政府西偏北方  1.9  公里 (位於花蓮縣花蓮市)
小區域,2018/2/12 上午 06:38:00,121.57,23.94,10.6,2.2,花蓮縣政府西南方  8.0  公里 (位於花蓮縣吉安鄉)
小區域,2018/2/12 上午 05:36:00,121.56,23.9,9.3,2.6,花蓮縣政府南偏西方  11.9  公里 (位於花蓮縣壽豐鄉)
小區域,2018/2/12 上午 05:34:00,121.56,23.93,11.7,2.1,花蓮縣政府西南方  8.6  公里 (位於花蓮縣吉安鄉)
小區域,2018/2/12 上午 05:34:00,121.57,23.93,9.5,2.4,花蓮縣政府西南方  8.3  公里 (位於花蓮縣吉安鄉)
小區域,2018/2/11 下午 10:36:00,121.92,24.43,23,3.8,宜蘭縣政府南偏東方  36.9  公里 (位於臺灣東部海域)
小區域,2018/2/11 下午 06:38:00,121.58,23.96,8.4,3.4,花蓮縣政府西南方  5.1  公里 (位於花蓮縣吉安鄉)
小區域,2018/2/11 下午 05:54:00,121.76,24.24,9.7,3.3,花蓮縣政府北偏東方  31.1  公里 (位於花蓮縣近海)
小區域,2018/2/11 下午 05:34:00,121.57,23.94,9,3.1,花蓮縣政府西南方  7.9  公里 (位於花蓮縣吉安鄉)
小區域,2018/2/11 下午 04:20:00,121.58,23.96,9.4,2.9,花蓮縣政府西南方  5.7  公里 (位於花蓮縣吉安鄉)
小區域,2018/2/11 下午 04:20:00,121.58,23.94,8.2,3.9,花蓮縣政府西南方  6.8  公里 (位於花蓮縣吉安鄉)
小區域,2018/2/11 下午 04:13:00,121.57,23.89,9.1,2.9,花蓮縣政府南偏西方  12.8  公里 (位於花蓮縣壽豐鄉)
小區域,2018/2/11 下午 03:42:00,121.56,23.9,9.5,3.6,花蓮縣政府南偏西方  11.4  公里 (位於花蓮縣壽豐鄉)
060   ,2018/2/11 下午 03:39:00,121.57,23.91,8.5,4.2,花蓮縣政府南偏西方  10.8  公里 (位於花蓮縣壽豐鄉)
小區域,2018/2/11 下午 01:22:00,121.57,23.89,6.7,3.2,花蓮縣政府南偏西方  12.3  公里 (位於花蓮縣壽豐鄉)
小區域,2018/2/11 上午 10:45:00,120.67,22.83,18.2,3.1,屏東縣政府東北方  24.4  公里 (位於屏東縣三地門鄉)
小區域,2018/2/11 上午 07:07:00,121.56,23.91,10.7,2.8,花蓮縣政府西南方  11.1  公里 (位於花蓮縣壽豐鄉)
小區域,2018/2/11 上午 06:27:00,121.55,23.9,10.4,3.5,花蓮縣政府西南方  12.4  公里 (位於花蓮縣壽豐鄉)
小區域,2018/2/11 上午 06:11:00,121.46,23.9,17.1,2.7,花蓮縣政府西偏南方  19.4  公里 (位於花蓮縣秀林鄉)
小區域,2018/2/11 上午 04:53:00,121.62,24.03,8.6,2.6,花蓮縣政府北方  4.1  公里 (位於花蓮縣新城鄉)
小區域,2018/2/11 上午 01:55:00,121.59,23.97,8,3.4,花蓮縣政府西南方  3.5  公里 (位於花蓮縣吉安鄉)
小區域,2018/2/11 上午 12:26:00,121.57,23.95,9.6,2,花蓮縣政府西南方  6.5  公里 (位於花蓮縣吉安鄉)
小區域,2018/2/11 上午 12:25:00,121.57,23.95,8.8,3.1,花蓮縣政府西南方  6.6  公里 (位於花蓮縣吉安鄉)
小區域,2018/2/10 下午 08:14:00,121.57,23.92,9.8,2.5,花蓮縣政府西南方  9.5  公里 (位於花蓮縣吉安鄉)
小區域,2018/2/10 下午 06:37:00,121.71,24.2,10.9,3.5,花蓮縣政府北偏東方  25.2  公里 (位於花蓮縣近海)
小區域,2018/2/10 下午 06:15:00,121.67,24.1,8.7,3.6,花蓮縣政府北偏東方  13.0  公里 (位於花蓮縣近海)
小區域,2018/2/10 下午 06:09:00,121.75,24.16,11.3,3.2,花蓮縣政府東北方  22.2  公里 (位於花蓮縣近海)
小區域,2018/2/10 下午 04:42:00,121.6,23.97,8.2,3.6,花蓮縣政府西南方  3.1  公里 (位於花蓮縣花蓮市)
059   ,2018/2/10 下午 03:48:00,121.84,24.23,10.9,4.7,花蓮縣政府東北方  34.3  公里 (位於臺灣東部海域)
小區域,2018/2/10 下午 03:37:00,121.59,23.96,9,3.7,花蓮縣政府西南方  5.0  公里 (位於花蓮縣吉安鄉)
小區域,2018/2/10 下午 03:10:00,121.77,24.18,9.1,3.8,花蓮縣政府東北方  26.1  公里 (位於臺灣東部海域)
小區域,2018/2/10 下午 02:44:00,121.65,24.02,7.6,3,花蓮縣政府東北方  4.0  公里 (位於花蓮縣近海)
小區域,2018/2/10 下午 01:55:00,121.64,24.03,6.6,2.7,花蓮縣政府北偏東方  5.1  公里 (位於花蓮縣近海)
小區域,2018/2/10 下午 01:16:00,121.61,24.03,6.7,2.8,花蓮縣政府北偏西方  4.0  公里 (位於花蓮縣新城鄉)
小區域,2018/2/10 上午 11:59:00,121.57,23.89,7.4,2.8,花蓮縣政府南偏西方  12.5  公里 (位於花蓮縣壽豐鄉)
小區域,2018/2/10 上午 11:56:00,121.57,23.89,7.9,3.8,花蓮縣政府南偏西方  12.5  公里 (位於花蓮縣壽豐鄉)
小區域,2018/2/10 上午 10:24:00,121.61,24,8.1,3.2,花蓮縣政府西偏北方  1.3  公里 (位於花蓮縣花蓮市)
小區域,2018/2/10 上午 09:31:00,121.58,23.96,8.2,2.1,花蓮縣政府西南方  5.1  公里 (位於花蓮縣吉安鄉)
小區域,2018/2/10 上午 09:01:00,121.66,24.04,7.4,2.9,花蓮縣政府東北方  6.8  公里 (位於花蓮縣近海)
小區域,2018/2/10 上午 08:55:00,121.63,24.04,8,3.6,花蓮縣政府北方  5.8  公里 (位於花蓮縣近海)
小區域,2018/2/10 上午 06:31:00,121.58,23.99,9.2,2.4,花蓮縣政府西方  4.0  公里 (位於花蓮縣吉安鄉)
小區域,2018/2/10 上午 05:51:00,121.58,23.99,8.1,2.5,花蓮縣政府西方  4.5  公里 (位於花蓮縣吉安鄉)
小區域,2018/2/10 上午 05:26:00,121.58,23.98,8.3,3.7,花蓮縣政府西偏南方  3.9  公里 (位於花蓮縣吉安鄉)
小區域,2018/2/10 上午 04:25:00,121.6,23.98,9.4,3.6,花蓮縣政府西偏南方  2.8  公里 (位於花蓮縣花蓮市)
058   ,2018/2/10 上午 02:43:00,121.81,24.03,5.8,4.7,花蓮縣政府東方  20.1  公里 (位於臺灣東部海域)
小區域,2018/2/10 上午 01:33:00,121.7,24.22,12.3,3.1,花蓮縣政府北偏東方  26.6  公里 (位於花蓮縣近海)
小區域,2018/2/10 上午 12:37:00,121.6,23.99,7.6,2.4,花蓮縣政府西偏南方  2.5  公里 (位於花蓮縣花蓮市)
小區域,2018/2/9 下午 10:45:00,121.8,24.02,6.8,4.2,花蓮縣政府東方  19.0  公里 (位於臺灣東部海域)
小區域,2018/2/9 下午 07:21:00,121.83,24.04,6.9,3.9,花蓮縣政府東偏北方  21.7  公里 (位於臺灣東部海域)
小區域,2018/2/9 下午 02:03:00,121.6,23.97,7.6,2.7,花蓮縣政府西南方  3.0  公里 (位於花蓮縣花蓮市)
小區域,2018/2/9 下午 01:59:00,121.6,23.97,7.6,2.8,花蓮縣政府西南方  3.2  公里 (位於花蓮縣花蓮市)
小區域,2018/2/9 下午 12:05:00,121.59,23.94,17.7,2.8,花蓮縣政府南偏西方  6.3  公里 (位於花蓮縣吉安鄉)
小區域,2018/2/9 上午 11:56:00,121.6,23.92,22.7,4.1,花蓮縣政府南偏西方  8.7  公里 (位於花蓮縣壽豐鄉)
小區域,2018/2/9 上午 11:35:00,121.71,24.11,8.8,3.3,花蓮縣政府東北方  15.7  公里 (位於花蓮縣近海)
057   ,2018/2/9 上午 10:14:00,121.6,23.93,21.6,4.7,花蓮縣政府南偏西方  7.4  公里 (位於花蓮縣壽豐鄉)
小區域,2018/2/9 上午 09:21:00,121.61,24.01,11.8,2.4,花蓮縣政府北偏西方  2.7  公里 (位於花蓮縣花蓮市)
小區域,2018/2/9 上午 08:46:00,121.6,23.98,13.5,2.9,花蓮縣政府西南方  2.7  公里 (位於花蓮縣花蓮市)
小區域,2018/2/9 上午 08:34:00,121.57,24.03,7,2.2,花蓮縣政府西北方  6.8  公里 (位於花蓮縣秀林鄉)
小區域,2018/2/9 上午 08:31:00,121.55,23.98,5.9,1.8,花蓮縣政府西方  7.5  公里 (位於花蓮縣吉安鄉)
小區域,2018/2/9 上午 07:39:00,121.76,24.23,8.7,3.5,花蓮縣政府北偏東方  29.6  公里 (位於花蓮縣近海)
小區域,2018/2/9 上午 06:15:00,121.58,23.9,7.7,3.4,花蓮縣政府南偏西方  10.8  公里 (位於花蓮縣壽豐鄉)
小區域,2018/2/9 上午 05:51:00,121.72,24.24,13.1,2.8,花蓮縣政府北偏東方  29.6  公里 (位於花蓮縣近海)
小區域,2018/2/9 上午 04:14:00,121.82,24.02,5.9,4,花蓮縣政府東方  21.0  公里 (位於臺灣東部海域)
小區域,2018/2/9 上午 04:03:00,121.7,24.07,8.1,3.2,花蓮縣政府東北方  12.0  公里 (位於花蓮縣近海)
小區域,2018/2/9 上午 03:11:00,121.82,24.09,11.2,4.3,花蓮縣政府東偏北方  22.8  公里 (位於臺灣東部海域)
小區域,2018/2/9 上午 01:17:00,121.65,24.05,10.6,3.1,花蓮縣政府北偏東方  7.1  公里 (位於花蓮縣近海)
小區域,2018/2/9 上午 01:02:00,121.67,23.99,13,2.9,花蓮縣政府東方  5.4  公里 (位於花蓮縣近海)
小區域,2018/2/9 上午 12:06:00,121.77,24.45,6.6,3.4,宜蘭縣政府南方  31.0  公里 (位於宜蘭縣南澳鄉)
小區域,2018/2/8 下午 11:38:00,121.59,23.97,8.3,2.6,花蓮縣政府西南方  3.9  公里 (位於花蓮縣吉安鄉)
小區域,2018/2/8 下午 10:42:00,121.78,24.05,8.6,3.7,花蓮縣政府東偏北方  17.8  公里 (位於臺灣東部海域)
小區域,2018/2/8 下午 09:52:00,121.76,24.2,17.3,3.4,花蓮縣政府北偏東方  26.9  公里 (位於臺灣東部海域)
小區域,2018/2/8 下午 09:22:00,121.76,24.17,12.2,3.4,花蓮縣政府東北方  23.8  公里 (位於臺灣東部海域)
小區域,2018/2/8 下午 06:09:00,121.71,24.24,12.4,3,花蓮縣政府北偏東方  29.4  公里 (位於花蓮縣近海)
小區域,2018/2/8 下午 06:05:00,121.59,23.96,8.4,2.6,花蓮縣政府西南方  4.4  公里 (位於花蓮縣吉安鄉)
小區域,2018/2/8 下午 06:02:00,121.59,23.99,8.2,2.9,花蓮縣政府西方  3.4  公里 (位於花蓮縣吉安鄉)
小區域,2018/2/8 下午 05:55:00,121.6,24.04,8.9,3.2,花蓮縣政府北偏西方  5.7  公里 (位於花蓮縣新城鄉)
小區域,2018/2/8 下午 05:36:00,121.59,23.98,7.6,3.2,花蓮縣政府西偏南方  3.6  公里 (位於花蓮縣花蓮市)
小區域,2018/2/8 下午 04:40:00,121.74,24.1,6.6,4,花蓮縣政府東北方  16.9  公里 (位於臺灣東部海域)
小區域,2018/2/8 下午 04:24:00,121.64,23.66,32.1,3.4,花蓮縣政府南方  36.4  公里 (位於臺灣東部海域)
小區域,2018/2/8 下午 04:21:00,121.65,24.09,8.5,2.9,花蓮縣政府北偏東方  11.5  公里 (位於花蓮縣近海)
小區域,2018/2/8 下午 03:34:00,121.79,24.2,10.7,3.6,花蓮縣政府東北方  28.8  公里 (位於臺灣東部海域)
小區域,2018/2/8 下午 03:16:00,121.83,24.03,6.4,3.9,花蓮縣政府東方  21.5  公里 (位於臺灣東部海域)
小區域,2018/2/8 下午 03:03:00,121.62,24.05,13.2,3.3,花蓮縣政府北方  6.6  公里 (位於花蓮縣近海)
小區域,2018/2/8 下午 01:51:00,121.77,24.02,5.2,3.9,花蓮縣政府東偏北方  15.5  公里 (位於臺灣東部海域)
小區域,2018/2/8 下午 01:07:00,121.58,23.98,8.7,3.2,花蓮縣政府西偏南方  3.8  公里 (位於花蓮縣吉安鄉)
小區域,2018/2/8 下午 01:06:00,121.58,23.98,8.9,3.3,花蓮縣政府西偏南方  3.9  公里 (位於花蓮縣吉安鄉)
小區域,2018/2/8 下午 12:23:00,121.6,23.96,9.8,3.6,花蓮縣政府西南方  3.8  公里 (位於花蓮縣吉安鄉)
小區域,2018/2/8 上午 11:23:00,121.58,23.97,7.8,3.8,花蓮縣政府西偏南方  4.8  公里 (位於花蓮縣吉安鄉)
小區域,2018/2/8 上午 11:20:00,121.6,23.97,9,2.9,花蓮縣政府西南方  2.6  公里 (位於花蓮縣花蓮市)
056   ,2018/2/8 上午 11:15:00,121.6,23.97,7.3,4.1,花蓮縣政府西南方  3.4  公里 (位於花蓮縣花蓮市)
055   ,2018/2/8 上午 11:06:00,121.6,23.96,8.8,4.8,花蓮縣政府南偏西方  4.0  公里 (位於花蓮縣吉安鄉)
小區域,2018/2/8 上午 10:41:00,121.75,24.17,13.3,4.1,花蓮縣政府東北方  24.2  公里 (位於花蓮縣近海)
小區域,2018/2/8 上午 10:20:00,121.58,23.98,8.5,3.1,花蓮縣政府西偏南方  4.2  公里 (位於花蓮縣吉安鄉)
小區域,2018/2/8 上午 09:56:00,121.61,24.02,12.6,2.6,花蓮縣政府北偏西方  3.4  公里 (位於花蓮縣新城鄉)
小區域,2018/2/8 上午 09:53:00,121.6,23.96,7.3,3.1,花蓮縣政府西南方  3.8  公里 (位於花蓮縣吉安鄉)
小區域,2018/2/8 上午 09:35:00,121.58,23.97,8.2,3.6,花蓮縣政府西偏南方  4.4  公里 (位於花蓮縣吉安鄉)
小區域,2018/2/8 上午 09:26:00,121.72,24.13,10.3,3,花蓮縣政府東北方  18.9  公里 (位於花蓮縣近海)
小區域,2018/2/8 上午 09:16:00,121.6,23.96,8.8,3,花蓮縣政府南偏西方  3.9  公里 (位於花蓮縣吉安鄉)
小區域,2018/2/8 上午 09:08:00,121.59,23.96,7.9,2.8,花蓮縣政府西南方  4.5  公里 (位於花蓮縣吉安鄉)
054   ,2018/2/8 上午 08:59:00,121.57,23.98,9,4.3,花蓮縣政府西方  5.5  公里 (位於花蓮縣吉安鄉)
053   ,2018/2/8 上午 08:54:00,121.56,23.99,8.4,4.4,花蓮縣政府西方  5.9  公里 (位於花蓮縣吉安鄉)
052   ,2018/2/8 上午 08:54:00,121.58,23.97,11.5,5,花蓮縣政府西偏南方  4.7  公里 (位於花蓮縣吉安鄉)
小區域,2018/2/8 上午 07:53:00,121.6,23.98,6.8,3.3,花蓮縣政府西偏南方  2.7  公里 (位於花蓮縣花蓮市)
小區域,2018/2/8 上午 07:23:00,121.59,23.94,21.8,3.1,花蓮縣政府南偏西方  6.6  公里 (位於花蓮縣吉安鄉)
小區域,2018/2/8 上午 07:15:00,121.61,24.03,9,2.5,花蓮縣政府北偏西方  4.3  公里 (位於花蓮縣新城鄉)
小區域,2018/2/8 上午 07:01:00,121.58,24,5,2.5,花蓮縣政府西偏北方  3.9  公里 (位於花蓮縣花蓮市)
小區域,2018/2/8 上午 06:44:00,121.7,24.12,8.8,3.2,花蓮縣政府北偏東方  16.6  公里 (位於花蓮縣近海)
小區域,2018/2/8 上午 06:34:00,121.6,24.02,7.9,2.6,花蓮縣政府北偏西方  4.1  公里 (位於花蓮縣新城鄉)
小區域,2018/2/8 上午 06:29:00,121.59,23.98,8.4,2.4,花蓮縣政府西偏南方  3.7  公里 (位於花蓮縣花蓮市)
小區域,2018/2/8 上午 05:56:00,121.72,24.09,8.4,3.7,花蓮縣政府東北方  15.2  公里 (位於臺灣東部海域)
051   ,2018/2/8 上午 05:34:00,121.85,24.37,16.2,3.8,宜蘭縣政府南偏東方  40.8  公里 (位於宜蘭縣近海)
小區域,2018/2/8 上午 04:53:00,121.59,24.02,5.5,2.4,花蓮縣政府西北方  4.5  公里 (位於花蓮縣新城鄉)
050   ,2018/2/8 上午 02:43:00,121.56,23.93,8.8,3.8,花蓮縣政府西南方  8.9  公里 (位於花蓮縣吉安鄉)
小區域,2018/2/8 上午 02:22:00,121.58,23.9,19.8,3.3,花蓮縣政府南偏西方  11.1  公里 (位於花蓮縣壽豐鄉)
小區域,2018/2/8 上午 02:20:00,121.59,24,7.6,2.8,花蓮縣政府西偏北方  3.0  公里 (位於花蓮縣花蓮市)
小區域,2018/2/8 上午 02:19:00,121.58,23.98,4.3,1.6,花蓮縣政府西方  4.4  公里 (位於花蓮縣吉安鄉)
小區域,2018/2/8 上午 02:17:00,121.59,23.98,7,2.2,花蓮縣政府西偏南方  3.2  公里 (位於花蓮縣花蓮市)
049   ,2018/2/8 上午 02:02:00,121.75,23.97,6.5,4.2,花蓮縣政府東方  13.7  公里 (位於臺灣東部海域)
小區域,2018/2/8 上午 01:30:00,121.59,23.99,7.5,3.1,花蓮縣政府西方  2.7  公里 (位於花蓮縣吉安鄉)
小區域,2018/2/8 上午 01:30:00,121.59,24,6.9,2.8,花蓮縣政府西方  3.3  公里 (位於花蓮縣花蓮市)
小區域,2018/2/8 上午 12:27:00,121.63,24.04,7.1,2.8,花蓮縣政府北方  4.9  公里 (位於花蓮縣近海)
小區域,2018/2/8 上午 12:18:00,121.7,24.14,8.9,3.2,花蓮縣政府北偏東方  18.4  公里 (位於花蓮縣近海)
小區域,2018/2/7 下午 11:56:00,121.82,24.1,6,4.4,花蓮縣政府東偏北方  23.3  公里 (位於臺灣東部海域)
小區域,2018/2/7 下午 11:37:00,121.71,24.14,9.4,3.5,花蓮縣政府北偏東方  19.0  公里 (位於花蓮縣近海)
小區域,2018/2/7 下午 11:31:00,121.71,24.12,7.8,3.7,花蓮縣政府東北方  16.4  公里 (位於花蓮縣近海)
小區域,2018/2/7 下午 11:24:00,121.71,24.11,8.3,3.8,花蓮縣政府東北方  16.5  公里 (位於花蓮縣近海)
小區域,2018/2/7 下午 11:24:00,121.71,24.13,7.9,4.3,花蓮縣政府北偏東方  18.2  公里 (位於花蓮縣近海)
小區域,2018/2/7 下午 11:23:00,121.72,24.13,10.6,4.1,花蓮縣政府東北方  18.0  公里 (位於花蓮縣近海)
小區域,2018/2/7 下午 11:23:00,121.71,24.11,10.6,4.3,花蓮縣政府東北方  15.4  公里 (位於花蓮縣近海)
048   ,2018/2/7 下午 11:21:00,121.78,24.08,7.8,5.8,花蓮縣政府東偏北方  18.9  公里 (位於臺灣東部海域)
047   ,2018/2/7 下午 10:19:00,121.77,23.96,5.1,4.6,花蓮縣政府東方  15.3  公里 (位於臺灣東部海域)
小區域,2018/2/7 下午 10:17:00,121.59,23.95,8.3,2.2,花蓮縣政府西南方  5.2  公里 (位於花蓮縣吉安鄉)
小區域,2018/2/7 下午 09:58:00,121.64,24.05,7.8,3.1,花蓮縣政府北偏東方  6.5  公里 (位於花蓮縣近海)
小區域,2018/2/7 下午 09:39:00,121.82,24,8.3,3.5,花蓮縣政府東方  20.0  公里 (位於臺灣東部海域)
046   ,2018/2/7 下午 09:08:00,121.74,24.09,7.3,4.5,花蓮縣政府東北方  16.5  公里 (位於臺灣東部海域)
小區域,2018/2/7 下午 09:06:00,121.77,24.08,7.2,5.1,花蓮縣政府東偏北方  18.2  公里 (位於臺灣東部海域)
045   ,2018/2/7 下午 08:51:00,121.64,24.25,15.1,4,花蓮縣政府北方  28.6  公里 (位於花蓮縣秀林鄉)
小區域,2018/2/7 下午 08:39:00,121.68,24.1,8.7,3.6,花蓮縣政府北偏東方  13.7  公里 (位於花蓮縣近海)
小區域,2018/2/7 下午 07:58:00,121.78,23.97,6.4,4,花蓮縣政府東方  16.2  公里 (位於臺灣東部海域)
小區域,2018/2/7 下午 07:54:00,121.58,23.97,12.8,2.9,花蓮縣政府西偏南方  4.5  公里 (位於花蓮縣吉安鄉)
044   ,2018/2/7 下午 07:33:00,121.57,23.9,10.2,4,花蓮縣政府南偏西方  11.6  公里 (位於花蓮縣壽豐鄉)
小區域,2018/2/7 下午 07:22:00,121.65,24.06,9,3.6,花蓮縣政府北偏東方  8.6  公里 (位於花蓮縣近海)
小區域,2018/2/7 下午 07:19:00,121.67,24.09,9.2,3.5,花蓮縣政府北偏東方  12.7  公里 (位於花蓮縣近海)
043   ,2018/2/7 下午 07:13:00,121.73,24,8.2,5,花蓮縣政府東方  11.2  公里 (位於臺灣東部海域)
小區域,2018/2/7 下午 06:33:00,121.61,24.04,9.7,3.1,花蓮縣政府北方  5.6  公里 (位於花蓮縣新城鄉)
小區域,2018/2/7 下午 06:29:00,121.67,24.22,12.5,3.4,花蓮縣政府北偏東方  25.6  公里 (位於花蓮縣秀林鄉)
042   ,2018/2/7 下午 06:19:00,121.67,24.21,12.7,4.5,花蓮縣政府北偏東方  25.3  公里 (位於花蓮縣近海)
小區域,2018/2/7 下午 05:56:00,121.59,23.95,7.8,2.7,花蓮縣政府西南方  5.2  公里 (位於花蓮縣吉安鄉)
小區域,2018/2/7 下午 05:52:00,121.59,23.98,5.6,2.6,花蓮縣政府西偏南方  3.4  公里 (位於花蓮縣花蓮市)
小區域,2018/2/7 下午 05:46:00,121.73,24.01,8.7,3.9,花蓮縣政府東方  11.3  公里 (位於花蓮縣近海)
小區域,2018/2/7 下午 05:35:00,121.58,24,6.2,2.9,花蓮縣政府西偏北方  4.1  公里 (位於花蓮縣花蓮市)
小區域,2018/2/7 下午 05:35:00,121.6,23.99,6.4,3.4,花蓮縣政府西方  2.2  公里 (位於花蓮縣花蓮市)
小區域,2018/2/7 下午 05:31:00,121.6,23.97,6.6,3.3,花蓮縣政府西南方  3.1  公里 (位於花蓮縣花蓮市)
小區域,2018/2/7 下午 05:04:00,121.67,24.07,7.6,3.2,花蓮縣政府北偏東方  9.8  公里 (位於花蓮縣近海)
041   ,2018/2/7 下午 04:23:00,121.68,24.09,8.3,4.1,花蓮縣政府北偏東方  12.5  公里 (位於花蓮縣近海)
小區域,2018/2/7 下午 03:53:00,121.76,24.17,11.4,3.2,花蓮縣政府東北方  24.7  公里 (位於臺灣東部海域)
小區域,2018/2/7 下午 03:39:00,121.66,24.06,7.6,3.1,花蓮縣政府北偏東方  8.8  公里 (位於花蓮縣近海)
小區域,2018/2/7 下午 03:00:00,121.61,24.04,16.5,3.1,花蓮縣政府北方  5.3  公里 (位於花蓮縣新城鄉)
小區域,2018/2/7 下午 01:09:00,121.7,24.12,8.9,3.6,花蓮縣政府北偏東方  16.6  公里 (位於花蓮縣近海)
小區域,2018/2/7 下午 01:07:00,121.72,23.99,7.4,4.3,花蓮縣政府東方  10.4  公里 (位於臺灣東部海域)
小區域,2018/2/7 下午 12:59:00,121.61,24.06,9.3,3.6,花蓮縣政府北方  7.8  公里 (位於花蓮縣近海)
小區域,2018/2/7 下午 12:56:00,121.64,24.06,10,3.7,花蓮縣政府北偏東方  7.3  公里 (位於花蓮縣近海)
小區域,2018/2/7 下午 12:56:00,121.78,24.18,14.1,3.2,花蓮縣政府東北方  26.9  公里 (位於臺灣東部海域)
040   ,2018/2/7 下午 12:50:00,121.64,24.05,8,4.3,花蓮縣政府北偏東方  7.3  公里 (位於花蓮縣近海)
小區域,2018/2/7 下午 12:48:00,121.61,23.93,23,3.4,花蓮縣政府南偏西方  7.5  公里 (位於花蓮縣近海)
小區域,2018/2/7 下午 12:43:00,121.61,24.01,6.8,3.4,花蓮縣政府北偏西方  1.8  公里 (位於花蓮縣花蓮市)
小區域,2018/2/7 下午 12:39:00,121.61,24,6.8,4,花蓮縣政府西北方  1.5  公里 (位於花蓮縣花蓮市)
小區域,2018/2/7 下午 12:37:00,121.61,24,6.5,2.7,花蓮縣政府北偏西方  1.6  公里 (位於花蓮縣花蓮市)
小區域,2018/2/7 下午 12:33:00,121.59,23.99,6.9,3.6,花蓮縣政府西方  2.8  公里 (位於花蓮縣吉安鄉)
小區域,2018/2/7 下午 12:18:00,121.59,23.98,6.7,3,花蓮縣政府西偏南方  3.7  公里 (位於花蓮縣花蓮市)
小區域,2018/2/7 上午 11:57:00,121.66,24.04,7.4,4,花蓮縣政府東北方  7.4  公里 (位於花蓮縣近海)
小區域,2018/2/7 上午 11:54:00,121.61,24.01,6,2.7,花蓮縣政府西北方  2.7  公里 (位於花蓮縣花蓮市)
小區域,2018/2/7 上午 11:40:00,121.72,24.21,8.3,4,花蓮縣政府北偏東方  25.8  公里 (位於花蓮縣近海)
小區域,2018/2/7 上午 11:37:00,121.73,24.07,8.8,4.4,花蓮縣政府東北方  14.0  公里 (位於臺灣東部海域)
039   ,2018/2/7 上午 11:36:00,121.74,24.08,7.4,5.1,花蓮縣政府東北方  15.6  公里 (位於臺灣東部海域)
小區域,2018/2/7 上午 11:30:00,121.69,24.09,8.5,3,花蓮縣政府東北方  13.2  公里 (位於花蓮縣近海)
小區域,2018/2/7 上午 11:26:00,121.71,24.09,8.9,3.4,花蓮縣政府東北方  14.5  公里 (位於花蓮縣近海)
小區域,2018/2/7 上午 11:21:00,121.7,24.2,13.9,3.2,花蓮縣政府北偏東方  24.2  公里 (位於花蓮縣近海)
小區域,2018/2/7 上午 11:18:00,121.65,24.04,8.4,3.2,花蓮縣政府北偏東方  6.2  公里 (位於花蓮縣近海)
小區域,2018/2/7 上午 10:54:00,121.67,24.08,8.5,3.9,花蓮縣政府北偏東方  11.1  公里 (位於花蓮縣近海)
小區域,2018/2/7 上午 10:29:00,121.6,23.96,6.2,4,花蓮縣政府南偏西方  4.3  公里 (位於花蓮縣吉安鄉)
小區域,2018/2/7 上午 10:26:00,121.57,23.9,6.7,3.1,花蓮縣政府南偏西方  10.6  公里 (位於花蓮縣壽豐鄉)
小區域,2018/2/7 上午 10:20:00,121.57,23.9,7.1,3.4,花蓮縣政府南偏西方  10.8  公里 (位於花蓮縣壽豐鄉)
038   ,2018/2/7 上午 10:18:00,121.72,24.07,7.7,4.9,花蓮縣政府東北方  13.5  公里 (位於臺灣東部海域)
小區域,2018/2/7 上午 09:58:00,121.67,24.05,7.9,3.5,花蓮縣政府東北方  8.1  公里 (位於花蓮縣近海)
小區域,2018/2/7 上午 09:42:00,121.57,23.91,9.1,3.4,花蓮縣政府南偏西方  10.3  公里 (位於花蓮縣壽豐鄉)
小區域,2018/2/7 上午 09:42:00,121.62,24.02,6.5,3.4,花蓮縣政府北方  3.7  公里 (位於花蓮縣花蓮市)
小區域,2018/2/7 上午 09:30:00,121.68,24.08,9,2.9,花蓮縣政府北偏東方  11.9  公里 (位於花蓮縣近海)
小區域,2018/2/7 上午 09:26:00,121.68,24.09,9.2,3.8,花蓮縣政府北偏東方  12.5  公里 (位於花蓮縣近海)
小區域,2018/2/7 上午 09:26:00,121.69,24.09,8.4,3.1,花蓮縣政府東北方  12.8  公里 (位於花蓮縣近海)
037   ,2018/2/7 上午 09:21:00,121.72,24,5.9,4.4,花蓮縣政府東方  10.2  公里 (位於花蓮縣近海)
小區域,2018/2/7 上午 09:17:00,121.69,24.09,7.9,3.6,花蓮縣政府東北方  13.5  公里 (位於花蓮縣近海)
小區域,2018/2/7 上午 09:16:00,121.6,23.96,6.1,2.1,花蓮縣政府西南方  3.8  公里 (位於花蓮縣吉安鄉)
小區域,2018/2/7 上午 08:55:00,121.62,23.96,5.3,2.6,花蓮縣政府南方  3.5  公里 (位於花蓮縣近海)
小區域,2018/2/7 上午 08:28:00,121.59,23.97,6.6,3,花蓮縣政府西南方  4.0  公里 (位於花蓮縣吉安鄉)
小區域,2018/2/7 上午 08:09:00,121.62,24.01,6.1,3.1,花蓮縣政府北方  2.4  公里 (位於花蓮縣花蓮市)
小區域,2018/2/7 上午 07:56:00,121.68,24.09,8.5,3,花蓮縣政府北偏東方  13.0  公里 (位於花蓮縣近海)
小區域,2018/2/7 上午 07:46:00,121.62,24.02,6.9,2.7,花蓮縣政府北方  3.5  公里 (位於花蓮縣花蓮市)
036   ,2018/2/7 上午 07:43:00,121.65,24.03,7.5,4.9,花蓮縣政府東北方  5.2  公里 (位於花蓮縣近海)
小區域,2018/2/7 上午 07:34:00,121.58,23.97,7,2.4,花蓮縣政府西偏南方  4.3  公里 (位於花蓮縣吉安鄉)
小區域,2018/2/7 上午 07:31:00,121.63,24.03,7.3,2.8,花蓮縣政府北方  4.4  公里 (位於花蓮縣近海)
小區域,2018/2/7 上午 07:25:00,121.58,24,5.2,2.6,花蓮縣政府西方  4.2  公里 (位於花蓮縣花蓮市)
小區域,2018/2/7 上午 07:24:00,121.6,23.98,5.9,4.1,花蓮縣政府西偏南方  2.4  公里 (位於花蓮縣花蓮市)
035   ,2018/2/7 上午 07:11:00,121.71,24.06,5.9,4.8,花蓮縣政府東北方  12.1  公里 (位於花蓮縣近海)
小區域,2018/2/7 上午 06:54:00,121.75,24.02,4.4,3.6,花蓮縣政府東方  13.2  公里 (位於臺灣東部海域)
小區域,2018/2/7 上午 06:45:00,121.61,23.99,7,2.8,花蓮縣政府西方  1.4  公里 (位於花蓮縣花蓮市)
小區域,2018/2/7 上午 06:35:00,121.76,24.25,9.7,3.1,花蓮縣政府北偏東方  32.0  公里 (位於花蓮縣近海)
小區域,2018/2/7 上午 06:34:00,121.61,23.99,5.2,3,花蓮縣政府西方  .5  公里 (位於花蓮縣花蓮市)
小區域,2018/2/7 上午 06:33:00,121.63,24.02,6.8,2.9,花蓮縣政府北偏東方  3.9  公里 (位於花蓮縣花蓮市)
小區域,2018/2/7 上午 06:15:00,121.65,24.05,7.3,3,花蓮縣政府北偏東方  7.4  公里 (位於花蓮縣近海)
小區域,2018/2/7 上午 06:11:00,121.59,23.99,6.1,2.4,花蓮縣政府西方  2.7  公里 (位於花蓮縣吉安鄉)
小區域,2018/2/7 上午 06:08:00,121.6,24,6.1,3,花蓮縣政府西偏北方  2.2  公里 (位於花蓮縣花蓮市)
小區域,2018/2/7 上午 06:07:00,121.57,24,5.9,2.5,花蓮縣政府西方  4.6  公里 (位於花蓮縣花蓮市)
小區域,2018/2/7 上午 05:56:00,121.59,23.98,7.4,3.6,花蓮縣政府西偏南方  3.3  公里 (位於花蓮縣花蓮市)
小區域,2018/2/7 上午 05:48:00,121.62,24,6.5,2.4,花蓮縣政府北方  .9  公里 (位於花蓮縣花蓮市)
小區域,2018/2/7 上午 05:37:00,121.62,24,6.4,3,花蓮縣政府北方  .6  公里 (位於花蓮縣花蓮市)
小區域,2018/2/7 上午 05:27:00,121.67,24.06,8.2,3.4,花蓮縣政府東北方  9.5  公里 (位於花蓮縣近海)
小區域,2018/2/7 上午 05:22:00,121.62,24.01,6.9,3.3,花蓮縣政府北方  2.0  公里 (位於花蓮縣花蓮市)
小區域,2018/2/7 上午 05:14:00,121.76,24.03,4.6,3.6,花蓮縣政府東偏北方  14.7  公里 (位於臺灣東部海域)
小區域,2018/2/7 上午 05:06:00,121.58,23.97,7.9,2.7,花蓮縣政府西偏南方  4.4  公里 (位於花蓮縣吉安鄉)
小區域,2018/2/7 上午 05:05:00,121.69,24.05,6.5,3.9,花蓮縣政府東北方  9.5  公里 (位於花蓮縣近海)
034   ,2018/2/7 上午 05:02:00,121.59,23.97,6.5,4.3,花蓮縣政府西南方  3.7  公里 (位於花蓮縣吉安鄉)
小區域,2018/2/7 上午 04:58:00,121.72,24.24,13,4,花蓮縣政府北偏東方  29.5  公里 (位於花蓮縣近海)
033   ,2018/2/7 上午 04:56:00,121.68,24.06,7.2,4.9,花蓮縣政府東北方  9.7  公里 (位於花蓮縣近海)
小區域,2018/2/7 上午 04:51:00,121.69,24.1,8.6,4,花蓮縣政府北偏東方  14.1  公里 (位於花蓮縣近海)
小區域,2018/2/7 上午 04:51:00,121.65,24.04,9.2,3.4,花蓮縣政府北偏東方  6.6  公里 (位於花蓮縣近海)
小區域,2018/2/7 上午 04:48:00,121.72,23.98,6.3,3.8,花蓮縣政府東方  10.6  公里 (位於臺灣東部海域)
小區域,2018/2/7 上午 04:40:00,121.68,24.1,9.7,3.2,花蓮縣政府北偏東方  13.4  公里 (位於花蓮縣近海)
小區域,2018/2/7 上午 04:33:00,121.75,24.01,6.9,3.8,花蓮縣政府東方  13.1  公里 (位於臺灣東部海域)
小區域,2018/2/7 上午 04:30:00,121.72,24.11,11.3,3.4,花蓮縣政府東北方  17.1  公里 (位於花蓮縣近海)
小區域,2018/2/7 上午 04:28:00,121.6,24.01,8.1,2.7,花蓮縣政府西北方  2.8  公里 (位於花蓮縣新城鄉)
小區域,2018/2/7 上午 04:25:00,121.75,24.11,8.6,3.9,花蓮縣政府東北方  18.8  公里 (位於臺灣東部海域)
小區域,2018/2/7 上午 04:12:00,121.68,24.08,8.4,3.4,花蓮縣政府東北方  12.0  公里 (位於花蓮縣近海)
小區域,2018/2/7 上午 04:02:00,121.7,24.13,10.8,3.3,花蓮縣政府北偏東方  17.5  公里 (位於花蓮縣近海)
小區域,2018/2/7 上午 03:57:00,121.7,24.14,9.9,3.9,花蓮縣政府北偏東方  18.6  公里 (位於花蓮縣近海)
小區域,2018/2/7 上午 03:51:00,121.74,24.02,7.4,3.9,花蓮縣政府東偏北方  13.0  公里 (位於臺灣東部海域)
小區域,2018/2/7 上午 03:37:00,121.58,23.99,5.2,3.2,花蓮縣政府西方  4.4  公里 (位於花蓮縣吉安鄉)
032   ,2018/2/7 上午 03:36:00,121.72,24,7.1,4.8,花蓮縣政府東方  9.9  公里 (位於花蓮縣近海)
小區域,2018/2/7 上午 03:33:00,121.61,24,6.1,2.6,花蓮縣政府北偏西方  1.4  公里 (位於花蓮縣花蓮市)
小區域,2018/2/7 上午 03:32:00,121.68,24.09,9.1,3,花蓮縣政府北偏東方  12.3  公里 (位於花蓮縣近海)
小區域,2018/2/7 上午 03:25:00,121.64,24.05,9.1,3,花蓮縣政府北偏東方  7.1  公里 (位於花蓮縣近海)
小區域,2018/2/7 上午 03:17:00,121.6,23.98,6.7,4.2,花蓮縣政府西偏南方  2.6  公里 (位於花蓮縣花蓮市)
小區域,2018/2/7 上午 03:16:00,121.67,24.06,8,4.3,花蓮縣政府東北方  9.4  公里 (位於花蓮縣近海)
031   ,2018/2/7 上午 03:15:00,121.73,24.01,5.7,5.4,花蓮縣政府東方  11.1  公里 (位於花蓮縣近海)
小區域,2018/2/7 上午 03:13:00,121.7,24.11,9.1,3.2,花蓮縣政府東北方  16.0  公里 (位於花蓮縣近海)
小區域,2018/2/7 上午 03:10:00,121.6,24.01,5.5,3.2,花蓮縣政府西北方  3.0  公里 (位於花蓮縣新城鄉)
小區域,2018/2/7 上午 03:05:00,121.59,23.95,8.2,2.3,花蓮縣政府西南方  5.3  公里 (位於花蓮縣吉安鄉)
小區域,2018/2/7 上午 03:03:00,121.66,24.03,7,3.9,花蓮縣政府東北方  5.9  公里 (位於花蓮縣近海)
小區域,2018/2/7 上午 03:01:00,121.68,24.04,8.5,4,花蓮縣政府東北方  8.1  公里 (位於花蓮縣近海)
小區域,2018/2/7 上午 02:56:00,121.61,24.02,7.1,2.9,花蓮縣政府北偏西方  3.3  公里 (位於花蓮縣新城鄉)
小區域,2018/2/7 上午 02:41:00,121.59,23.99,7.9,2.6,花蓮縣政府西方  3.5  公里 (位於花蓮縣吉安鄉)
小區域,2018/2/7 上午 02:38:00,121.76,24.08,6.6,3.7,花蓮縣政府東北方  17.5  公里 (位於臺灣東部海域)
小區域,2018/2/7 上午 02:37:00,121.69,24.09,8.6,3.2,花蓮縣政府北偏東方  12.9  公里 (位於花蓮縣近海)
小區域,2018/2/7 上午 02:32:00,121.58,24,6.9,2.3,花蓮縣政府西方  4.3  公里 (位於花蓮縣花蓮市)
小區域,2018/2/7 上午 02:29:00,121.62,24.01,7.1,3,花蓮縣政府北方  2.3  公里 (位於花蓮縣花蓮市)
小區域,2018/2/7 上午 02:28:00,121.57,24,4.9,2.3,花蓮縣政府西偏北方  5.0  公里 (位於花蓮縣花蓮市)
小區域,2018/2/7 上午 02:27:00,121.57,24.01,6,3.3,花蓮縣政府西偏北方  5.5  公里 (位於花蓮縣秀林鄉)
小區域,2018/2/7 上午 02:10:00,121.64,24.02,7.6,3.7,花蓮縣政府北偏東方  4.1  公里 (位於花蓮縣近海)
030   ,2018/2/7 上午 02:09:00,121.63,24.03,8.7,4.4,花蓮縣政府北偏東方  4.5  公里 (位於花蓮縣近海)
小區域,2018/2/7 上午 02:08:00,121.63,24.03,7.4,4,花蓮縣政府北方  4.3  公里 (位於花蓮縣近海)
029   ,2018/2/7 上午 02:07:00,121.71,24.04,4.2,5.3,花蓮縣政府東偏北方  10.6  公里 (位於花蓮縣近海)
小區域,2018/2/7 上午 02:06:00,121.67,24.05,7.6,3.6,花蓮縣政府東北方  8.7  公里 (位於花蓮縣近海)
小區域,2018/2/7 上午 02:02:00,121.63,24.04,8,3.5,花蓮縣政府北偏東方  5.8  公里 (位於花蓮縣近海)
028   ,2018/2/7 上午 02:00:00,121.73,24.12,6.7,5.3,花蓮縣政府東北方  17.7  公里 (位於花蓮縣近海)
小區域,2018/2/7 上午 01:56:00,121.66,24.05,7.3,3.7,花蓮縣政府東北方  7.7  公里 (位於花蓮縣近海)
027   ,2018/2/7 上午 01:50:00,121.59,23.98,6.6,4.3,花蓮縣政府西偏南方  3.2  公里 (位於花蓮縣花蓮市)
小區域,2018/2/7 上午 01:49:00,121.57,24.01,4.8,2.2,花蓮縣政府西偏北方  5.2  公里 (位於花蓮縣秀林鄉)
小區域,2018/2/7 上午 01:45:00,121.64,24.05,8,3.3,花蓮縣政府北偏東方  6.7  公里 (位於花蓮縣近海)
小區域,2018/2/7 上午 01:41:00,121.64,24.02,6.9,3.1,花蓮縣政府北偏東方  3.4  公里 (位於花蓮縣近海)
小區域,2018/2/7 上午 01:32:00,121.59,23.96,10,2.7,花蓮縣政府西南方  4.6  公里 (位於花蓮縣吉安鄉)
小區域,2018/2/7 上午 01:27:00,121.63,24.01,7.1,2.1,花蓮縣政府東北方  2.4  公里 (位於花蓮縣花蓮市)
小區域,2018/2/7 上午 01:23:00,121.71,24.11,8.1,4.2,花蓮縣政府東北方  16.5  公里 (位於花蓮縣近海)
小區域,2018/2/7 上午 01:20:00,121.67,24.08,9.5,2.7,花蓮縣政府北偏東方  11.6  公里 (位於花蓮縣近海)
小區域,2018/2/7 上午 01:19:00,121.75,24.08,10.2,4.1,花蓮縣政府東北方  16.4  公里 (位於臺灣東部海域)
小區域,2018/2/7 上午 01:18:00,121.64,24.05,20.5,3.8,花蓮縣政府北偏東方  6.5  公里 (位於花蓮縣近海)
小區域,2018/2/7 上午 01:17:00,121.59,23.97,7.5,2.7,花蓮縣政府西南方  3.9  公里 (位於花蓮縣吉安鄉)
小區域,2018/2/7 上午 01:16:00,121.7,24.1,9.3,3,花蓮縣政府東北方  13.9  公里 (位於花蓮縣近海)
小區域,2018/2/7 上午 01:11:00,121.7,24.12,9.9,3.5,花蓮縣政府北偏東方  16.5  公里 (位於花蓮縣近海)
小區域,2018/2/7 上午 01:09:00,121.63,24.05,9.2,3.4,花蓮縣政府北偏東方  6.5  公里 (位於花蓮縣近海)
小區域,2018/2/7 上午 01:06:00,121.61,24.01,7.1,2.8,花蓮縣政府西北方  2.5  公里 (位於花蓮縣花蓮市)
小區域,2018/2/7 上午 01:02:00,121.78,24.21,8.3,3.9,花蓮縣政府東北方  28.7  公里 (位於臺灣東部海域)
小區域,2018/2/7 上午 01:01:00,121.57,24.01,6,2.1,花蓮縣政府西偏北方  5.1  公里 (位於花蓮縣秀林鄉)
小區域,2018/2/7 上午 12:57:00,121.6,23.99,8.7,2.8,花蓮縣政府西方  2.2  公里 (位於花蓮縣花蓮市)
小區域,2018/2/7 上午 12:57:00,121.66,24.04,7.7,3.4,花蓮縣政府東北方  6.9  公里 (位於花蓮縣近海)
小區域,2018/2/7 上午 12:55:00,121.67,24.06,7.4,2.6,花蓮縣政府東北方  8.8  公里 (位於花蓮縣近海)
小區域,2018/2/7 上午 12:46:00,121.68,24.09,9.5,3.7,花蓮縣政府北偏東方  12.9  公里 (位於花蓮縣近海)
小區域,2018/2/7 上午 12:44:00,121.59,23.99,5.6,3.6,花蓮縣政府西方  3.0  公里 (位於花蓮縣吉安鄉)
小區域,2018/2/7 上午 12:39:00,121.66,24.06,7.5,3.2,花蓮縣政府北偏東方  8.0  公里 (位於花蓮縣近海)
小區域,2018/2/7 上午 12:38:00,121.57,24,5,2.5,花蓮縣政府西方  4.6  公里 (位於花蓮縣花蓮市)
小區域,2018/2/7 上午 12:38:00,121.59,23.99,7.9,2.4,花蓮縣政府西方  3.6  公里 (位於花蓮縣吉安鄉)
小區域,2018/2/7 上午 12:35:00,121.65,24.04,6.1,3.9,花蓮縣政府東北方  6.6  公里 (位於花蓮縣近海)
小區域,2018/2/7 上午 12:34:00,121.64,24.02,7.1,3.7,花蓮縣政府北偏東方  4.1  公里 (位於花蓮縣近海)
小區域,2018/2/7 上午 12:32:00,121.56,24.05,4,3.1,花蓮縣政府西北方  9.2  公里 (位於花蓮縣秀林鄉)
小區域,2018/2/7 上午 12:31:00,121.64,24.05,8.7,3.2,花蓮縣政府北偏東方  6.9  公里 (位於花蓮縣近海)
小區域,2018/2/7 上午 12:28:00,121.65,24.08,10.6,3.2,花蓮縣政府北偏東方  9.9  公里 (位於花蓮縣近海)
026   ,2018/2/7 上午 12:26:00,121.61,23.99,6.9,4.3,花蓮縣政府西偏北方  1.2  公里 (位於花蓮縣花蓮市)
小區域,2018/2/7 上午 12:23:00,121.68,24.09,10,3.1,花蓮縣政府北偏東方  12.5  公里 (位於花蓮縣近海)
小區域,2018/2/7 上午 12:21:00,121.61,24.03,6.1,2.7,花蓮縣政府北偏西方  4.3  公里 (位於花蓮縣新城鄉)
小區域,2018/2/7 上午 12:20:00,121.58,24.02,7.7,3,花蓮縣政府西北方  5.5  公里 (位於花蓮縣新城鄉)
小區域,2018/2/7 上午 12:19:00,121.57,24,4.1,2.9,花蓮縣政府西偏北方  5.5  公里 (位於花蓮縣花蓮市)
小區域,2018/2/7 上午 12:18:00,121.62,24.01,6.7,3.7,花蓮縣政府北方  1.7  公里 (位於花蓮縣花蓮市)
025   ,2018/2/7 上午 12:17:00,121.61,23.99,5.9,4.9,花蓮縣政府西偏南方  .8  公里 (位於花蓮縣花蓮市)
小區域,2018/2/7 上午 12:16:00,121.58,23.97,6.6,3.4,花蓮縣政府西偏南方  4.7  公里 (位於花蓮縣吉安鄉)
024   ,2018/2/7 上午 12:13:00,121.61,23.98,4.2,3.7,花蓮縣政府南偏西方  1.3  公里 (位於花蓮縣花蓮市)
小區域,2018/2/7 上午 12:11:00,121.58,23.99,7.7,2.5,花蓮縣政府西方  4.5  公里 (位於花蓮縣吉安鄉)
小區域,2018/2/7 上午 12:07:00,121.58,23.97,6.6,2.8,花蓮縣政府西偏南方  4.9  公里 (位於花蓮縣吉安鄉)
小區域,2018/2/7 上午 12:06:00,121.57,24.02,3.9,3.3,花蓮縣政府西偏北方  6.3  公里 (位於花蓮縣秀林鄉)
小區域,2018/2/7 上午 12:04:00,121.59,23.98,6.4,3,花蓮縣政府西偏南方  3.1  公里 (位於花蓮縣花蓮市)
小區域,2018/2/7 上午 12:03:00,121.64,24,6.5,3.5,花蓮縣政府東偏北方  1.7  公里 (位於花蓮縣近海)
小區域,2018/2/7 上午 12:03:00,121.63,24.04,7.5,3.6,花蓮縣政府北偏東方  5.4  公里 (位於花蓮縣近海)
小區域,2018/2/7 上午 12:01:00,121.64,24.02,6.6,3.4,花蓮縣政府北偏東方  4.1  公里 (位於花蓮縣近海)
小區域,2018/2/7 上午 12:00:00,121.67,24.08,9.9,3.3,花蓮縣政府北偏東方  10.9  公里 (位於花蓮縣近海)
小區域,2018/2/6 下午 11:59:00,121.69,24.1,8,4.1,花蓮縣政府北偏東方  13.8  公里 (位於花蓮縣近海)
小區域,2018/2/6 下午 11:58:00,121.64,24.05,10,3.5,花蓮縣政府北偏東方  6.7  公里 (位於花蓮縣近海)
小區域,2018/2/6 下午 11:57:00,121.62,24.08,9.3,3.4,花蓮縣政府北方  9.7  公里 (位於花蓮縣近海)
小區域,2018/2/6 下午 11:54:00,121.62,24,6.7,4.5,花蓮縣政府北偏東方  1.1  公里 (位於花蓮縣花蓮市)
023   ,2018/2/6 下午 11:53:00,121.6,23.96,5.5,4.9,花蓮縣政府西南方  3.9  公里 (位於花蓮縣吉安鄉)
022   ,2018/2/6 下午 11:50:00,121.73,24.1,6.3,6.2,花蓮縣政府東北方  16.5  公里 (位於臺灣東部海域)
小區域,2018/2/6 下午 09:36:00,121.69,24.14,10,4.1,花蓮縣政府北偏東方  18.2  公里 (位於花蓮縣近海)
021   ,2018/2/6 下午 05:20:00,121.77,24.23,10.7,3.5,花蓮縣政府北偏東方  30.3  公里 (位於花蓮縣近海)
020   ,2018/2/6 下午 04:36:00,121.77,24.08,6.7,4.5,花蓮縣政府東偏北方  18.4  公里 (位於臺灣東部海域)
小區域,2018/2/6 下午 04:26:00,121.76,24.08,6.2,4.2,花蓮縣政府東偏北方  17.6  公里 (位於臺灣東部海域)
小區域,2018/2/6 下午 03:58:00,121.78,24.19,11.3,3.2,花蓮縣政府東北方  27.5  公里 (位於臺灣東部海域)
019   ,2018/2/6 下午 03:08:00,121.72,24.17,10.1,3.9,花蓮縣政府北偏東方  22.7  公里 (位於花蓮縣近海)
小區域,2018/2/6 下午 03:07:00,121.73,24.17,10,3.3,花蓮縣政府北偏東方  22.7  公里 (位於花蓮縣近海)
小區域,2018/2/6 下午 02:27:00,121.73,24.11,8.3,4.1,花蓮縣政府東北方  17.3  公里 (位於臺灣東部海域)
018   ,2018/2/6 下午 01:09:00,121.72,24.19,10.7,5,花蓮縣政府北偏東方  23.8  公里 (位於花蓮縣近海)
小區域,2018/2/6 下午 12:42:00,121.72,24.11,8.4,3.7,花蓮縣政府東北方  16.9  公里 (位於花蓮縣近海)
小區域,2018/2/6 上午 08:35:00,121.71,24.13,8.4,4.1,花蓮縣政府北偏東方  17.5  公里 (位於花蓮縣近海)
小區域,2018/2/6 上午 07:40:00,121.78,24.3,11.4,3.6,花蓮縣政府北偏東方  37.9  公里 (位於花蓮縣近海)
小區域,2018/2/6 上午 05:12:00,121.64,24.06,9.4,3.5,花蓮縣政府北偏東方  8.5  公里 (位於花蓮縣近海)
小區域,2018/2/6 上午 01:37:00,121.81,24.15,13.2,4.6,花蓮縣政府東北方  26.3  公里 (位於臺灣東部海域)
小區域,2018/2/6 上午 01:00:00,121.67,24.12,12.2,3.3,花蓮縣政府北偏東方  15.3  公里 (位於花蓮縣近海)
小區域,2018/2/6 上午 12:57:00,121.72,24.11,8.1,3.4,花蓮縣政府東北方  16.4  公里 (位於花蓮縣近海)
小區域,2018/2/6 上午 12:53:00,121.7,24.11,9.9,3.2,花蓮縣政府北偏東方  15.9  公里 (位於花蓮縣近海)
小區域,2018/2/6 上午 12:32:00,121.74,24.11,8.5,4.2,花蓮縣政府東北方  17.8  公里 (位於臺灣東部海域)
017   ,2018/2/5 下午 11:58:00,121.74,24.11,8.3,5,花蓮縣政府東北方  17.3  公里 (位於臺灣東部海域)
小區域,2018/2/5 下午 11:53:00,121.73,24.12,7.7,3.4,花蓮縣政府東北方  18.4  公里 (位於花蓮縣近海)
小區域,2018/2/5 下午 10:34:00,120.35,23.49,11.2,2.4,嘉義縣政府東偏北方  6.9  公里 (位於嘉義縣太保市)
小區域,2018/2/5 下午 09:58:00,121.71,24.25,13,3,花蓮縣政府北偏東方  30.4  公里 (位於花蓮縣秀林鄉)
小區域,2018/2/5 下午 08:59:00,121.69,24.16,10.9,3.4,花蓮縣政府北偏東方  20.3  公里 (位於花蓮縣近海)
小區域,2018/2/5 下午 07:40:00,121.75,24.2,12.4,3,花蓮縣政府北偏東方  27.0  公里 (位於花蓮縣近海)
小區域,2018/2/5 下午 06:44:00,121.71,24.2,10,3.8,花蓮縣政府北偏東方  25.0  公里 (位於花蓮縣近海)
小區域,2018/2/5 下午 05:44:00,121.74,24.1,8.9,4.5,花蓮縣政府東北方  17.3  公里 (位於臺灣東部海域)
小區域,2018/2/5 下午 05:06:00,121.78,24.14,8.1,4.5,花蓮縣政府東北方  23.1  公里 (位於臺灣東部海域)
小區域,2018/2/5 下午 02:36:00,121.8,24.2,11.7,3.3,花蓮縣政府東北方  29.1  公里 (位於臺灣東部海域)
小區域,2018/2/5 下午 02:35:00,121.8,24.2,12.1,3.5,花蓮縣政府東北方  29.5  公里 (位於臺灣東部海域)
小區域,2018/2/5 下午 01:38:00,121.8,24.21,10.9,3.1,花蓮縣政府東北方  30.0  公里 (位於臺灣東部海域)
016   ,2018/2/5 下午 12:36:00,121.72,24.2,8.7,4.2,花蓮縣政府北偏東方  25.0  公里 (位於花蓮縣近海)
小區域,2018/2/5 下午 12:13:00,121.7,24.22,12.1,3.3,花蓮縣政府北偏東方  26.5  公里 (位於花蓮縣近海)
小區域,2018/2/5 下午 12:03:00,121.74,24.24,9.1,2.9,花蓮縣政府北偏東方  30.3  公里 (位於花蓮縣近海)
015   ,2018/2/5 上午 11:55:00,121.76,24.23,10.4,3.5,花蓮縣政府北偏東方  29.9  公里 (位於花蓮縣近海)
小區域,2018/2/5 上午 11:47:00,121.78,24.22,11.1,3.4,花蓮縣政府東北方  30.7  公里 (位於花蓮縣近海)
小區域,2018/2/5 上午 11:21:00,121.71,24.12,8.1,3.3,花蓮縣政府東北方  16.9  公里 (位於花蓮縣近海)
小區域,2018/2/5 上午 10:58:00,121.79,24.21,9,3.2,花蓮縣政府東北方  29.8  公里 (位於臺灣東部海域)
小區域,2018/2/5 上午 10:02:00,121.71,24.2,9.6,2.7,花蓮縣政府北偏東方  25.2  公里 (位於花蓮縣近海)
小區域,2018/2/5 上午 09:57:00,121.75,24.2,11.6,3.6,花蓮縣政府北偏東方  26.9  公里 (位於花蓮縣近海)
小區域,2018/2/5 上午 09:45:00,120.27,23.18,15.8,3,臺南市政府北偏東方  22.7  公里 (位於臺南市麻豆區)
小區域,2018/2/5 上午 09:02:00,121.68,24.13,11,3,花蓮縣政府北偏東方  16.8  公里 (位於花蓮縣近海)
小區域,2018/2/5 上午 08:40:00,121.7,24.11,9.2,3.4,花蓮縣政府東北方  15.8  公里 (位於花蓮縣近海)
小區域,2018/2/5 上午 07:44:00,121.75,24.18,14,3.6,花蓮縣政府東北方  25.0  公里 (位於花蓮縣近海)
小區域,2018/2/5 上午 04:58:00,121.75,24.24,10.6,3.5,花蓮縣政府北偏東方  30.2  公里 (位於花蓮縣近海)
小區域,2018/2/5 上午 03:55:00,121.73,24.17,11.7,3.1,花蓮縣政府北偏東方  22.8  公里 (位於花蓮縣近海)
小區域,2018/2/5 上午 03:39:00,121.75,24.17,11.1,3.4,花蓮縣政府東北方  23.7  公里 (位於花蓮縣近海)
小區域,2018/2/5 上午 03:05:00,121.7,24.12,7.7,3.7,花蓮縣政府北偏東方  16.9  公里 (位於花蓮縣近海)
小區域,2018/2/5 上午 02:44:00,121.71,24.11,8.6,3.1,花蓮縣政府東北方  16.5  公里 (位於花蓮縣近海)
小區域,2018/2/5 上午 02:40:00,121.64,24.13,10.6,3.7,花蓮縣政府北方  16.0  公里 (位於花蓮縣新城鄉)
小區域,2018/2/5 上午 02:35:00,121.78,24.19,7.9,4.2,花蓮縣政府東北方  27.4  公里 (位於臺灣東部海域)
小區域,2018/2/5 上午 02:10:00,121.71,24.12,8.5,3.7,花蓮縣政府東北方  16.7  公里 (位於花蓮縣近海)
小區域,2018/2/5 上午 02:10:00,121.72,24.1,11.7,3.5,花蓮縣政府東北方  15.2  公里 (位於臺灣東部海域)
小區域,2018/2/5 上午 02:08:00,121.73,24.12,7.6,3.6,花蓮縣政府東北方  18.8  公里 (位於花蓮縣近海)
小區域,2018/2/5 上午 01:50:00,121.7,24.13,8,3.4,花蓮縣政府北偏東方  17.3  公里 (位於花蓮縣近海)
小區域,2018/2/5 上午 01:47:00,121.73,24.1,8.6,3.6,花蓮縣政府東北方  16.0  公里 (位於臺灣東部海域)
小區域,2018/2/5 上午 01:41:00,121.77,24.23,5.7,3.5,花蓮縣政府北偏東方  30.6  公里 (位於花蓮縣近海)
小區域,2018/2/5 上午 01:27:00,121.79,24.23,5.4,3.8,花蓮縣政府東北方  31.8  公里 (位於花蓮縣近海)
小區域,2018/2/5 上午 01:22:00,121.76,24.19,3.2,3.4,花蓮縣政府東北方  26.3  公里 (位於臺灣東部海域)
小區域,2018/2/5 上午 01:06:00,121.7,24.21,7.5,3.2,花蓮縣政府北偏東方  25.8  公里 (位於花蓮縣近海)
014   ,2018/2/5 上午 12:54:00,121.8,24.26,3.8,4.5,花蓮縣政府北偏東方  35.1  公里 (位於花蓮縣近海)
小區域,2018/2/5 上午 12:54:00,121.72,24.21,7.5,3.3,花蓮縣政府北偏東方  26.1  公里 (位於花蓮縣近海)
小區域,2018/2/5 上午 12:53:00,121.7,24.13,7.6,3.1,花蓮縣政府北偏東方  17.6  公里 (位於花蓮縣近海)
小區域,2018/2/5 上午 12:52:00,121.72,24.2,8.3,2.7,花蓮縣政府北偏東方  25.1  公里 (位於花蓮縣近海)
小區域,2018/2/5 上午 12:46:00,121.73,24.23,8,3.4,花蓮縣政府北偏東方  29.3  公里 (位於花蓮縣近海)
小區域,2018/2/5 上午 12:29:00,121.81,24.19,10.6,3.1,花蓮縣政府東北方  29.4  公里 (位於臺灣東部海域)
小區域,2018/2/5 上午 12:26:00,121.78,24.24,3.7,3.7,花蓮縣政府北偏東方  32.2  公里 (位於花蓮縣近海)
小區域,2018/2/5 上午 12:20:00,121.79,24.21,3,3.8,花蓮縣政府東北方  29.8  公里 (位於臺灣東部海域)
小區域,2018/2/5 上午 12:18:00,121.76,24.24,6.2,4.1,花蓮縣政府北偏東方  31.3  公里 (位於花蓮縣近海)
小區域,2018/2/5 上午 12:08:00,121.7,24.12,8.1,2.8,花蓮縣政府北偏東方  16.8  公里 (位於花蓮縣近海)
013   ,2018/2/4 下午 11:33:00,121.75,24.23,5.1,4.6,花蓮縣政府北偏東方  28.9  公里 (位於花蓮縣近海)
小區域,2018/2/4 下午 11:00:00,121.73,24.22,9.9,3.4,花蓮縣政府北偏東方  27.6  公里 (位於花蓮縣近海)
小區域,2018/2/4 下午 10:52:00,121.71,24.25,7.2,3.4,花蓮縣政府北偏東方  30.2  公里 (位於花蓮縣秀林鄉)
小區域,2018/2/4 下午 10:50:00,121.77,24.23,10,3,花蓮縣政府北偏東方  30.6  公里 (位於花蓮縣近海)
小區域,2018/2/4 下午 10:28:00,121.75,24.23,4.6,4,花蓮縣政府北偏東方  29.7  公里 (位於花蓮縣近海)
小區域,2018/2/4 下午 10:27:00,121.75,24.23,11.5,3.3,花蓮縣政府北偏東方  29.6  公里 (位於花蓮縣近海)
小區域,2018/2/4 下午 10:23:00,121.78,24.2,8.6,3.4,花蓮縣政府東北方  28.6  公里 (位於臺灣東部海域)
小區域,2018/2/4 下午 10:23:00,121.76,24.21,7.5,3.2,花蓮縣政府北偏東方  28.8  公里 (位於花蓮縣近海)
小區域,2018/2/4 下午 10:22:00,121.7,24.16,2.2,4,花蓮縣政府北偏東方  20.6  公里 (位於花蓮縣近海)
012   ,2018/2/4 下午 10:16:00,121.68,24.18,3.8,4.9,花蓮縣政府北偏東方  21.5  公里 (位於花蓮縣近海)
小區域,2018/2/4 下午 10:14:00,121.71,24.14,12.6,3.8,花蓮縣政府北偏東方  19.1  公里 (位於花蓮縣近海)
011   ,2018/2/4 下午 10:13:00,121.72,24.15,10.3,5.5,花蓮縣政府北偏東方  20.2  公里 (位於花蓮縣近海)
小區域,2018/2/4 下午 10:12:00,121.78,24.23,10.7,4.1,花蓮縣政府北偏東方  31.4  公里 (位於花蓮縣近海)
010   ,2018/2/4 下午 10:12:00,121.73,24.23,4,4.7,花蓮縣政府北偏東方  28.6  公里 (位於花蓮縣近海)
009   ,2018/2/4 下午 10:10:00,121.69,24.23,3.7,4.9,花蓮縣政府北偏東方  27.5  公里 (位於花蓮縣秀林鄉)
小區域,2018/2/4 下午 10:07:00,121.78,24.2,11.1,3.2,花蓮縣政府東北方  28.0  公里 (位於臺灣東部海域)
小區域,2018/2/4 下午 10:05:00,121.77,24.28,8.2,4.6,花蓮縣政府北偏東方  35.7  公里 (位於花蓮縣近海)
小區域,2018/2/4 下午 10:02:00,121.7,24.21,7.3,3.9,花蓮縣政府北偏東方  26.0  公里 (位於花蓮縣近海)
小區域,2018/2/4 下午 10:01:00,121.78,24.21,10.9,3.8,花蓮縣政府東北方  29.3  公里 (位於臺灣東部海域)
小區域,2018/2/4 下午 10:00:00,121.78,24.26,5.5,4.3,花蓮縣政府北偏東方  34.3  公里 (位於花蓮縣近海)
小區域,2018/2/4 下午 09:59:00,121.81,24.2,6.6,4.1,花蓮縣政府東北方  30.2  公里 (位於臺灣東部海域)
小區域,2018/2/4 下午 09:57:00,121.71,24.17,10.2,5.2,花蓮縣政府北偏東方  21.9  公里 (位於花蓮縣近海)
008   ,2018/2/4 下午 09:56:00,121.74,24.15,10.6,5.8,花蓮縣政府東北方  21.7  公里 (位於花蓮縣近海)
007   ,2018/2/4 下午 09:33:00,121.68,24.2,5.5,4.3,花蓮縣政府北偏東方  24.1  公里 (位於花蓮縣近海)
006   ,2018/2/4 下午 09:12:00,121.7,24.21,3,5.3,花蓮縣政府北偏東方  25.1  公里 (位於花蓮縣近海)
小區域,2018/2/4 下午 08:36:00,121.67,24.41,24.9,2.9,宜蘭縣政府南偏西方  36.9  公里 (位於宜蘭縣南澳鄉)
小區域,2018/2/4 下午 04:40:00,121.18,24.59,4,3.1,新竹縣政府東南方  31.5  公里 (位於新竹縣五峰鄉)
005   ,2018/2/4 上午 03:31:00,121.7,24.18,10.4,4.3,花蓮縣政府北偏東方  22.7  公里 (位於花蓮縣近海)
004   ,2018/2/4 上午 03:30:00,121.7,24.18,10.3,4.7,花蓮縣政府北偏東方  22.7  公里 (位於花蓮縣近海)
小區域,2018/2/3 下午 12:25:00,121.66,24.61,6.6,3.2,宜蘭縣政府西南方  17.3  公里 (位於宜蘭縣大同鄉)
小區域,2018/2/3 上午 03:42:00,119.79,22.68,41.2,4,臺南市政府西南方  53.4  公里 (位於臺灣西部海域)
小區域,2018/2/1 上午 09:07:00,120.98,22.97,6.4,3.9,臺東縣政府西北方  30.0  公里 (位於臺東縣延平鄉)
小區域,2018/1/31 下午 11:44:00,120.99,22.97,7,4.1,臺東縣政府西北方  29.0  公里 (位於臺東縣延平鄉)
小區域,2018/1/31 下午 11:26:00,121,22.98,7,3.2,臺東縣政府北偏西方  29.4  公里 (位於臺東縣延平鄉)
小區域,2018/1/31 下午 10:49:00,121,22.98,7.6,3.8,臺東縣政府北偏西方  29.9  公里 (位於臺東縣延平鄉)
小區域,2018/1/30 上午 02:44:00,121.79,24.4,6.4,2.3,宜蘭縣政府南方  36.2  公里 (位於宜蘭縣近海)
小區域,2018/1/28 下午 06:58:00,120.9,24.21,32,3.8,臺中市政府東偏北方  23.5  公里 (位於臺中市和平區)
小區域,2018/1/28 下午 02:30:00,121.47,23.92,16.7,3,花蓮縣政府西偏南方  17.4  公里 (位於花蓮縣秀林鄉)
小區域,2018/1/28 下午 01:39:00,121.63,24.06,10.5,2.7,花蓮縣政府北方  7.4  公里 (位於花蓮縣近海)
003   ,2018/1/27 上午 12:31:00,120.99,22.97,5.7,4.5,臺東縣政府西北方  28.9  公里 (位於臺東縣延平鄉)
小區域,2018/1/26 下午 01:35:00,121.34,22.72,88,4,臺東縣政府東方  19.6  公里 (位於臺灣東部海域)
小區域,2018/1/25 上午 08:23:00,120.63,23.21,8,2.7,嘉義市政府南偏東方  34.7  公里 (位於臺南市南化區)
小區域,2018/1/24 下午 12:28:00,121.34,23.05,18.8,4.2,臺東縣政府北偏東方  38.0  公里 (位於臺東縣近海)
小區域,2018/1/22 下午 11:06:00,122.12,24.16,45.4,4,花蓮縣政府東偏北方  54.5  公里 (位於臺灣東部海域)
小區域,2018/1/22 下午 05:09:00,121.4,23.74,19.2,3.5,花蓮縣政府西南方  35.2  公里 (位於花蓮縣萬榮鄉)
小區域,2018/1/22 下午 03:13:00,120.72,23.59,14.9,3.2,雲林縣政府東偏南方  23.6  公里 (位於雲林縣古坑鄉)
小區域,2018/1/22 上午 07:51:00,121.81,24.26,17.4,3.6,花蓮縣政府東北方  35.5  公里 (位於花蓮縣近海)
小區域,2018/1/21 下午 01:51:00,120.14,22.86,18.5,3.1,臺南市政府南偏西方  15.5  公里 (位於高雄市近海)
小區域,2018/1/21 上午 09:00:00,120.61,22.84,13.5,4,屏東縣政府東北方  21.2  公里 (位於屏東縣高樹鄉)
小區域,2018/1/19 上午 07:57:00,122.14,24.51,74.5,4.1,宜蘭縣政府東偏南方  44.9  公里 (位於臺灣東部海域)
小區域,2018/1/18 下午 03:25:00,121.54,23.7,4.2,2.6,花蓮縣政府南偏西方  33.9  公里 (位於花蓮縣豐濱鄉)
小區域,2018/1/17 下午 07:48:00,121.68,24.71,47.8,3.5,宜蘭縣政府西偏南方  9.2  公里 (位於宜蘭縣員山鄉)
002   ,2018/1/17 下午 01:59:00,121.72,25.06,140.2,5.5,基隆市政府南偏西方  8.5  公里 (位於基隆市暖暖區)
小區域,2018/1/15 上午 06:08:00,121.82,23.83,21.3,3.9,花蓮縣政府東南方  27.0  公里 (位於臺灣東部海域)
小區域,2018/1/13 下午 03:07:00,121.41,23.75,16.5,2.8,花蓮縣政府西南方  33.9  公里 (位於花蓮縣萬榮鄉)
小區域,2018/1/12 下午 04:55:00,121.91,24.44,22,3.5,宜蘭縣政府南偏東方  35.7  公里 (位於臺灣東部海域)
001   ,2018/1/12 上午 08:05:00,121.85,24.27,12.4,3.5,花蓮縣政府東北方  38.7  公里 (位於臺灣東部海域)
小區域,2018/1/12 上午 12:43:00,121.86,24.27,11.7,3.4,花蓮縣政府東北方  39.3  公里 (位於臺灣東部海域)
小區域,2018/1/11 下午 12:46:00,120.91,22.82,6,3.3,臺東縣政府西偏北方  25.8  公里 (位於臺東縣延平鄉)
小區域,2018/1/11 上午 06:53:00,121.61,24.04,9.4,2.6,花蓮縣政府北方  5.7  公里 (位於花蓮縣新城鄉)
小區域,2018/1/11 上午 01:23:00,120.71,23.59,16.5,2.9,雲林縣政府東偏南方  22.9  公里 (位於雲林縣古坑鄉)
小區域,2018/1/10 上午 04:15:00,121.41,22.15,24.7,3.4,臺東縣政府南偏東方  72.6  公里 (位於臺灣東部海域)
小區域,2018/1/9 下午 03:10:00,121.7,23.78,44.5,3.4,花蓮縣政府南偏東方  24.2  公里 (位於臺灣東部海域)
小區域,2018/1/8 下午 04:16:00,121.62,22.05,16.8,3.9,臺東縣政府南偏東方  91.6  公里 (位於臺灣東部海域)
小區域,2018/1/8 下午 03:47:00,120.45,23.26,8.8,3,嘉義市政府南方  24.6  公里 (位於臺南市東山區)
小區域,2018/1/8 下午 02:28:00,120.93,24.34,7.1,4.1,苗栗縣政府南偏東方  27.6  公里 (位於臺中市和平區)
小區域,2018/1/8 上午 03:53:00,121.37,23.21,18.7,3.8,臺東縣政府北偏東方  55.5  公里 (位於臺東縣成功鎮)
小區域,2018/1/6 上午 10:56:00,121.47,23.92,17.1,3.5,花蓮縣政府西偏南方  17.7  公里 (位於花蓮縣秀林鄉)
小區域,2018/1/6 上午 09:04:00,121.65,24.03,15.5,3.4,花蓮縣政府東北方  5.0  公里 (位於花蓮縣近海)
小區域,2018/1/6 上午 12:30:00,122,24.81,90,4.2,宜蘭縣政府東偏北方  25.7  公里 (位於臺灣東部海域)
小區域,2018/1/3 下午 06:13:00,121.25,22.85,10.2,3,臺東縣政府東北方  14.7  公里 (位於臺東縣近海)
小區域,2018/1/2 上午 04:10:00,121.25,22.85,7.6,3.7,臺東縣政府東北方  14.5  公里 (位於臺東縣近海)
小區域,2018/1/2 上午 03:22:00,121.24,22.86,8.8,4.2,臺東縣政府東北方  14.9  公里 (位於臺東縣近海)
小區域,2018/1/2 上午 02:01:00,120.73,23.58,16.1,2.8,雲林縣政府東偏南方  24.3  公里 (位於嘉義縣阿里山鄉)
小區域,2018/1/1 下午 08:48:00,121.24,22.86,8,4,臺東縣政府東北方  14.9  公里 (位於臺東縣近海)
小區域,2018/1/1 上午 11:21:00,121.24,22.87,8.9,3.8,臺東縣政府東北方  15.3  公里 (位於臺東縣近海)
小區域,2018/1/1 上午 05:08:00,120.96,22.96,5.7,4,臺東縣政府西北方  29.9  公里 (位於臺東縣延平鄉)
